A4F4	水稻栽培
B3B0	陸稻栽培
A46A	大豆栽培
A46A	大麥栽培
A470	小麥栽培
A5C9	玉米栽培
A5CC	甘藷栽培
AAE1	花豆栽培
ACF5	紅豆栽培
B5AF	粟（小米）栽培
B6C2	黑麥栽培
B8A8	落花生栽培
B8BE	蜀黍（高粱）栽培
BAF1	綠豆栽培
EB4C	蕎麥栽培
EDF5	薏仁栽培
A46A	大甲藺栽培
A473	山藥栽培
A550	仙草栽培
A569	可可豆栽培
A656	向日葵栽培
CB7A	芏苡（三角藺）栽培
A8C8	亞麻栽培
A940	咖啡栽培
AA43	杭菊栽培
AA6F	油菜籽栽培
AAAA	牧草栽培
AADB	芝麻栽培
AAE1	花椒栽培
AAE3	芥末籽栽培
AC65	枸杞栽培
AC76	洋麻（鐘麻）栽培
ACA5	洛神葵栽培
AD4A	胡椒栽培
AD52	苧麻栽培
ADB9	食用甘蔗栽培
ADBB	香茅草栽培
AEE1	桑樹栽培
AEE3	柴胡栽培
AFF5	茴香栽培
AFF9	茶樹栽培
B0A3	除蟲菊栽培
D379	荖葉栽培
B2A2	甜菊栽培
B2A2	甜菜栽培
B344	蛇麻栽培
B3BD	魚藤栽培
B3C1	麥門冬栽培
B4C4	棕櫚栽培
B4D6	棉花栽培
B5D2	菸草栽培
B6C0	黃藤栽培
B6C0	黃麻栽培
B6C0	黃蓍栽培
B752	愛玉子栽培
B7ED	當歸栽培
B8AF	葛鬱金（粉薯）栽培
BAF1	綠肥作物栽培
BB73	製糖用甘蔗栽培
E3C9	蓖麻籽栽培
BEF0	樹薯栽培
C1A1	薄荷栽培
C3A3	瓊麻栽培
A46A	大蒜栽培
A473	山葵栽培
A4FB	牛蒡栽培
A556	冬瓜栽培
A5C9	玉米筍栽培
A5CA	瓜子瓜栽培
A5CC	甘藍栽培
A5D5	白菜栽培
A6CB	竹筍栽培
A6E8	西瓜栽培
A8A1	芋類栽培
A8A7	豆芽栽培
A8A7	豆薯栽培
AAE0	芹菜栽培
AAE1	花椰菜栽培
AAE3	芥菜栽培
AAF7	金針菜栽培
AB43	青花菜栽培
AB6E	南瓜栽培
ABA2	哈密瓜栽培
AC76	洋蔥栽培
AD4A	胡瓜栽培
AD57	苦瓜栽培
AD58	茄子栽培
ADB4	韭類栽培
AF7D	破布子栽培
AFF3	草莓栽培
B0A8	馬鈴薯栽培
D374	茭白筍栽培
B1D3	敏豆栽培
B279	球莖甘藍栽培
B2A2	甜椒栽培
B2A2	甜瓜栽培
B2F2	荸薺栽培
B2F3	莢豌豆栽培
B5D9	菱角栽培
B5E6	菜豆栽培
B656	越瓜栽培
BBB6	辣椒栽培
BDAC	蓮子、蓮藕栽培
BDB5	蔥類栽培
BFBB	蕃茄栽培
C1A4	薑類栽培
C27C	甕菜栽培
C4AA	蘆筍栽培
C5DA	蘿蔔栽培
A4EC	木瓜栽培
A4F5	火龍果栽培
A6CA	百香果栽培
A7F5	李栽培
A7F6	杏栽培
A87E	芒果栽培
AA4A	枇杷栽培
AC55	柿栽培
AC61	柑桔類栽培
AC63	柚子栽培
AD4A	胡桃栽培
ADBB	香蕉栽培
AEDF	栗栽培
AEE1	桑椹栽培
AEE7	桃栽培
AFEF	荔枝栽培
B1F6	梅栽培
B1F9	梨栽培
B4C7	棗栽培
B566	番石榴栽培
B566	番荔枝（釋迦）栽培
B7A6	椰子栽培
B7A8	楊桃栽培
B7A8	楊梅栽培
B8B2	葡萄栽培
BBF1	鳳梨栽培
BDAC	蓮霧栽培
BEF1	橄欖栽培
C073	龍眼栽培
C262	檳榔栽培
C266	檸檬栽培
C4AB	蘋果栽培
A4EC	木耳栽培
AAF7	金針菇栽培
AC76	洋菇栽培
ADB9	食用菇蕈類菌種培育
ADBB	香菇栽培
AFF3	草菇栽培
C646	靈芝栽培
A4C1	切花植物栽培
ACD6	盆景栽培
ACD6	盆花植物栽培
C65B	觀葉植物栽培
C65B	觀賞水生植物繁殖
A6E6	行道樹栽培
AE78	庭園樹木栽培
AFF3	草皮栽培
BAD8	種苗培育
C65B	觀賞樹木栽培
A6D7	肉牛飼育
A8C5	乳牛飼育
A6D7	肉豬飼育
BAD8	種豬飼育
A6D7	肉雞飼育
B34A	蛋雞飼育
BAD8	種雞飼育
A6D7	肉鴨飼育
B34A	蛋鴨飼育
BAD8	種鴨飼育
A4F5	火雞飼育
A6CF	羊飼育
A8DF	兔飼育
AAAF	狗飼育
AAB0	狐飼育
AAED	表演海獸養殖
AEDF	栗鼠飼育
AF5D	珠雞飼育
B0A8	馬飼育
B344	蛇飼育
B34C	蚯蚓養殖
B3A5	野生動物飼育
B3C0	鹿飼育
B555	猴飼育
B649	貂飼育
B8C1	蜂飼育
B9EA	實驗動物飼育
BAF8	綿羊飼育
BDBD	蝸牛養殖
BFDF	貓飼育
C06B	鴕鳥飼育
C246	鴿飼育
C35A	鵝飼育
C44F	鵪鶉飼育
C55B	騾飼育
C5FA	蠶飼育
C65B	觀賞動物飼育
C66A	驢飼育
A467	土壤處理及施肥
AD5D	苗圃整理
AF66	病蟲害防治
B270	犁土整地
B941	農作物施肥
B941	農作物噴藥
B941	農作物採收
B941	農作物種植
B941	農作物中耕除草
B9AB	鼠害防除
B941	農產品清洗
B941	農產品分級包裝
BD5C	穀類乾燥
AE61	家禽孵育
AE61	家畜剪毛
AE61	家畜禽配種
B34A	蛋類選洗包裝
C364	寵物配種
B941	農藥調配
B941	農工徵集與管理
B941	農田給水灌溉與排水
A6CB	竹種植
AA4C	林木種植
AA4C	林木採種
AA4C	林木育苗
AA4C	林木撫育
AA4C	林木病蟲害防治
B4CB	森林防火
B4CB	森林保護
A473	山地木材集運
A4EC	木材溜集
A4EC	木材砍伐及粗解
A4EC	木、竹醋液收集（林間簡易窯）
A55D	包工伐木
A6CB	竹林砍伐
BF4E	燒製竹炭（林間簡易窯）
BF4E	燒製木炭（林間簡易窯）
A4A4	中藥採集
A4D1	天敵昆蟲採集
A5D6	皮材收集
A9F8	昆蟲捕捉
AA47	果實採集
AA51	松脂採集
AD61	苔蘚採集
AEDA	根材收集
B0ED	堅果採集
B3A5	野蜂蜜採集
B3A5	野蠶繭採集
B3A5	野菌菇採集
B4D3	植物染料採集
BEF0	樹膠採集
BEF0	樹液採集
BEF0	樹脂採集
BFB9	蕨類採集
ECFB	檞寄生採集
C2CE	蟲蠟採集
C3C3	藤採集
C4F5	蘭採集
C65B	觀賞用枝葉採集
AA75	沿岸籠具漁撈
AA75	沿岸遊漁
AA75	沿岸刺網
AA75	沿岸延繩釣
AA75	沿岸火誘網
AA75	沿岸定置網
AA75	沿岸鏢魚
AA75	沿岸一支釣
AA75	沿岸地曳網
AAF1	近海扒網
AAF1	近海刺網
AAF1	近海巾著網
AAF1	近海火誘網
AAF1	近海一支釣
AAF1	近海曳繩釣
AAF1	近海追逐網
AAF1	近海延繩釣
AAF1	近海籠具漁撈
AAF1	近海中小型拖網
AAF1	近海圍網
ACC0	珊瑚採集
ACC3	珍珠採集
AEFC	海洋植物採集
B3BD	魚貝苗採捕
BBB7	遠洋雙船拖網
BBB7	遠洋延繩釣
BBB7	遠洋圍網
BBB7	遠洋單船拖網
BBB7	遠洋棒受網
A4F4	水庫漁撈
AA65	河川漁撈
AEFC	海洋箱網養殖
B24C	淺海養殖
B348	蚵養殖
A4BA	內陸箱網養殖
A8A9	貝介養殖
ACF5	紅蟲養殖
AF51	烏龜養殖
B248	淡水魚塭養殖
B3BD	魚苗孵育
B5EC	蛙類養殖
BDBC	蝦養殖
C3C9	蟹養殖
C4D0	鹹水魚塭養殖
C5BE	鱉養殖
C65B	觀賞水族繁殖
C673	鱷魚養殖
A5DB	石油及天然氣探勘
A5DB	石油及天然氣開發生產
AA6F	油氣井設備安裝
A46A	大理石採取
A4F5	火黏土採取
A4F9	片麻岩採取
A5BF	正長岩採取
A5C8	玄武岩採取
A5D5	白雲石採取
A5DB	石英岩採取
A5DB	石灰石採取
A677	安山岩採取
A8A4	角閃岩採取
AA4F	板岩採取
AABF	矽砂採取
AAE1	花崗岩採取
ACE2	砂岩採取
ACE2	砂石採取
ADB6	頁岩採取
B07B	閃長岩採取
B2A1	瓷土採取
B344	蛇紋石採取
B768	搬土採取
BBC4	酸性白土採取
BDF7	輝綠岩採取
C248	黏土採取
A4E8	方解石採取
A4F4	水晶礦採取
A5C9	玉礦採取
A5C9	玉髓礦採取
A5DB	石棉礦採取
AA64	泥炭採取
AAF7	金礦採取
AAF8	長石礦採取
AEFC	海水曬鹽
B2B8	硫磺礦採取
B6B3	雲母礦採取
B7C6	滑石礦採取
B7D1	煤礦採取
BBC8	銀礦採取
BBC9	銅礦採取
C0E6	燧石採取
C54B	鐵礦採取
AE61	家禽屠宰
AE61	家畜屠宰
B14F	屠體評級
A74E	冷凍冷藏肉類製造
A4F5	火腿製造
ADBB	香腸製造
B2E6	脫水肉品製造
BE4D	醃漬肉品製造
A74E	冷凍冷藏水產製造
AEE3	柴魚製造
B2E6	脫水水產品製造
B3BD	魚粉製造
B3BD	魚片製造
B3BD	魚子製造
B3BD	魚漿製造
B3BD	魚子醬製造
BE4D	醃漬水產品製造
A74E	冷凍冷藏蔬菜製造
A74E	冷凍冷藏果實製造
A448	人造肉製造
A568	去皮蔬果製造
A5CA	瓜子堅果製造
A8A7	豆漿製造
A8A7	豆豉製造
A8A7	豆腐製造
A8A7	豆皮製造
A8A7	豆花製造
A8A7	豆餡製造
A8A7	豆乾製造
A8A7	豆腐乳製造
AA47	果膠製造
AA47	果醬製造
AA47	果凍製造
AA47	果汁粉製造
AAE1	花生醬製造
B0AE	乾果製造
B0ED	堅果醬製造
B2E6	脫水種子製造
B2E6	脫水蔬菜製造
B2E6	脫水果實製造
BB65	蜜餞製造
BDAD	蔬果濃縮物製造
BE4D	醃漬果實製造
BE4D	醃漬蔬菜製造
C241	鮮榨蔬果原汁製造
A448	人造奶油製造
A46A	大豆油製造
AA6F	油籽餅製造
ADB9	食用動物油脂製造
ADB9	食用動植物混合油製造
AF4E	烤酥油製造
B269	烹飪用油製造
BEF1	橄欖油製造
A5A4	奶粉製造
A642	冰淇淋製造
A642	冰淇淋粉製造
A658	合成乳（還原乳）製造
A743	低脂乳製造
A8C5	乳酪製造
A8C5	乳油製造
AB4F	保久乳製造
B0AA	高脂乳製造
B0AE	乾酪製造
B0AE	乾酪素製造
B2E6	脫脂乳製造
B56F	發酵乳製造
B7D2	煉乳製造
BDD5	調味乳製造
C075	優格製造
C241	鮮乳製造
BD5C	穀類脫殼
BD5C	穀類精碾
A46A	大麥粉製造
A569	可可粉製造
A5A9	巧克力粉製造
A7F6	杏仁粉製造
A8A7	豆類磨粉
AAC4	秈米粉製造
CDC0	芡粉製造
ADB9	食用預拌粉製造
B374	速食穀粉製造
B374	速食穀片製造
B3C1	麥麩加工
B5D9	菱粉製造
B6C0	黃豆粉製造
B85C	稞麥粉製造
B865	粳米粉製造
B8AF	葛粉製造
BD5C	穀類軋片
BF50	燕麥粉製造
EB4C	蕎麥粉製造
C1A6	薯類製籤
C1A6	薯類製粉
C1A6	薯類製片
C3C2	藕粉製造
C47A	糯米粉製造
C4D1	麵粉製造
C4D1	麵糰製造
A5C9	玉米碾磨
AA47	果糖製造
AA47	果寡糖製造
B0AA	高果糖漿製造
B2A7	異麥芽寡糖製造
B3C1	麥芽糖製造
B8B2	葡萄糖製造
B8B2	葡萄糖糖漿製造
BEF0	樹薯粉製造
BEFD	澱粉製造
BEFD	澱粉糖製造
C4D1	麵筋製造
B074	配合飼料配製
B0CA	動物性單一飼料製造
B4D3	植物性單一飼料製造
B8C9	補助飼料配製
B97D	飼料添加物配製
A4A4	中式茶食製造
A55D	包子饅頭製造
A67E	年糕製造
A6CC	米香製造
A6CC	米果製造
A6E8	西點製造
B34A	蛋糕製造
B3C2	麻糬製造
B56F	發糕製造
BBE6	餅乾製造
BBF1	鳳梨酥製造
C4D1	麵包製造
C5DA	蘿蔔糕製造
A556	冬粉製造
A6CC	米粉製造
AFBB	粉條製造
B371	通心粉製造
B374	速食粉條製造
B374	速食米粉製造
B374	速食麵條製造
C4D1	麵條製造
A4E8	方糖製造
A642	冰糖製造
ACE2	砂糖製造
ACE2	砂糖精煉
ACF5	紅糖製造
AFBB	粉糖製造
B247	液糖製造
B6C2	黑糖製造
BF7D	糖漿製造
BF7D	糖蜜製造
C2E0	轉化糖製造
A466	口香糖製造
A4F4	水果糖製造
A4FB	牛軋糖製造
A4FB	牛奶糖製造
A5A4	奶油糖製造
A5A9	巧克力糖製造
AAE1	花生糖製造
B36E	軟糖製造
B577	硬糖製造
BF7D	糖衣乾果製造
A55B	加味茶製造
A55D	包種茶製造
ACF5	紅茶製造
ADBB	香片茶製造
AF51	烏龍茶製造
BAF1	綠茶製造
A473	山葵膏製造
A4F4	水果醋製造
A846	沙拉醬製造
A846	沙茶醬製造
A8A7	豆瓣醬製造
A8FD	味噌製造
A8FD	味精製造
A940	咖哩粉製造
A940	咖哩醬製造
AADB	芝麻醬製造
AAE3	芥末製造
AD4A	胡椒粉製造
ADBB	香辛料製造
AED6	核酸製造
AF51	烏醋製造
B2A2	甜辣醬製造
B2CA	粗鹽製造
B6C2	黑胡椒醬製造
BAEB	精鹽製造
BB5B	蒜粉製造
BB5B	蒜汁製造
BBB6	辣椒醬製造
BBB6	辣椒粉製造
BD5C	穀類醋製造
BDB5	蔥粉製造
BDBC	蝦醬製造
BDBC	蝦油製造
BDD5	調配醋製造
BEA2	麩酸製造
BFBB	蕃茄醬製造
C1A4	薑粉製造
C2E6	醬油製造
C2E6	醬油膏製造
C4A8	蘑菇醬製造
C4AC	蘇梅醬製造
C4AE	蠔油製造
C643	釀造醋製造
A4F4	水產罐頭製造
A4F4	水果罐頭製造
A6D7	肉類罐頭製造
A74E	冷凍盒餐製造
A74E	冷凍披薩製造
A74E	冷凍粽子製造
A74E	冷凍調理食品製造
AFC0	素味罐頭製造
B4F6	湯類罐頭製造
B5E6	菜餚罐頭製造
BDAD	蔬菜罐頭製造
C249	點心罐頭製造
C2E6	醬菜罐頭製造
A448	人造蜂蜜製造
A454	三明治製造
A57C	四物飲製造
A5A4	奶精製造
A5AC	布丁製造
A5AC	布丁粉製造
A5D5	白發粉製造
A642	冰塊製造
A6CC	米漿製造
A6D7	肉汁製造
A6D7	肉鬆製造
A6D7	肉凍製造
A6D7	肉汁粉製造
A759	即溶咖啡製造
A8A1	芋圓製造
A940	咖啡粉製造
AA6F	油飯製造
ACB5	炸豬皮製造
ACF5	紅麴製造
ADB9	食用膠製造
ADB9	食用冰製品製造
AF66	病人用食品製造
B2A2	甜湯製造
B34A	蛋製品製造
B374	速食湯製造
B374	速食粥製造
B3BD	魚鬆製造
B54A	焦糖製造
B5AC	筋膠製造
B6BA	飯糰製造
B8C3	蜆精製造
B8FB	較大嬰兒配方輔助食品製造
BBC3	酵母製造
BD6B	糊精製造
BDD5	調味牛肉乾製造
BDD5	調味豬肉乾製造
C05C	餐盒食品製造
C0A6	嬰兒配方食品製造
C2FB	雞精製造
C37A	爆米花製造
C4A6	藻類食品製造
A5CD	生啤酒製造
B0E0	啤酒製造
B6C2	黑啤酒製造
A641	再製酒製造
AEC6	料理酒製造
BB5D	蒸餾酒製造
C643	釀造酒製造
A55B	加味水製造
A55D	包裝飲用水製造
A940	咖啡飲料製造
AA47	果汁飲料製造
AFF9	茶類飲料製造
B3C1	麥芽飲料製造
B6C2	黑麥汁飲料製造
B942	運動飲料製造
BAD2	碳酸飲料製造
BB5D	蒸餾水製造
BDAD	蔬菜汁飲料製造
BDAD	蔬果汁飲料製造
BE4C	醋飲料製造
BEF7	機能性飲料製造
C471	礦泉水製造
AFC8	紙菸製造
B3B7	雪茄製造
B5D2	菸絲製造
C45A	嚼菸製造
A455	下腳棉處理
A455	下腳毛處理
A4F2	毛纖維處理
A4F2	毛條併製
A4F2	毛紗（線）紡製
A4F2	毛混紡紗（線）紡製
A6CF	羊毛脫脂
A6CF	羊毛碳化處理
AEDE	梳毛紗（線）紡製
B4D6	棉纖維處理
B4D6	棉紗（線）紡製
B4D6	棉混紡紗（線）紡製
B9E3	嫘縈棉紗（線）紡製
B9E3	嫘縈棉混紡紗（線）紡製
BB45	聚酯棉紗（線）紡製
BB45	聚胺棉紗（線）紡製
BB45	聚胺棉混紡紗（線）紡製
BB45	聚酯棉混紡紗（線）紡製
BB45	聚丙烯腈棉紗（線）紡製
BB45	聚丙烯腈棉混紡紗（線）紡製
BB45	聚酯加工絲製造
BB45	聚胺加工絲製造
BB45	聚丙烯加工絲製造
BB45	聚丙烯腈加工絲製造
AFC8	紙紗紡製
B3C2	麻紗（線）紡製
B6B4	韌性植物纖維處理
C5FA	蠶絲紗（線）紡製
A4F2	毛梭織布製造
A4F2	毛混紡梭織布製造
B4D6	棉毛巾布製造
B4D6	棉梭織布製造
B4D6	棉混紡梭織布製造
A448	人造纖維毛巾布製造
A448	人造纖維混紡梭織布製造
A5A7	尼龍纖維梭織布製造
A8C8	亞克力纖維梭織布製造
AADA	芳香族聚醯胺纖維梭織布製造
B3CA	傘布製造
B7BB	溶劑型纖維素纖維梭織布製造
B9E3	嫘縈纖維梭織布製造
BB45	聚酯纖維梭織布製造
BB45	聚丙烯纖維梭織布製造
BDFC	輪胎簾布製造
ACC1	玻璃纖維布製造
ACC1	玻璃絲織品織製
B6EA	圓編針織布製造
B867	經編針織布製造
BEEE	橫編針織布製造
A4F2	毛巾織布製造
A4F2	毛絨花紗梭織布製造
A5E9	仿毛皮編織布製造
B0E9	圈絨梭織布製造
B3C2	麻梭織布製造
B6B4	韌性植物纖維梭織布製造
C5FA	蠶絲梭織布製造
A448	人造菜瓜布製造
A4A3	不織布紙巾製造
A4F4	水針不織布製造
A4F4	水軋不織布製造
AFBC	紡黏不織布製造
B077	針軋不織布製造
BCF6	熱融不織布製造
BDA6	膠合不織布製造
BFC4	融噴不織布製造
A5AC	布疋定型
A5AC	布疋染色
A5AC	布疋搖粒
A5AC	布疋起毛
A5AC	布疋印花
A5AC	布疋壓花
A5AC	布疋練漂
A5AC	布疋磨毛
A5AC	布疋貼合加工
A5AC	布疋植絨加工
A5AC	布疋塗佈加工
AFBD	紗線漂染
B6EC	塑膠皮布印染
C5D6	纖維漂染
A466	口罩縫製
A4F2	毛毯製造
A4F2	毛巾製造
A4F2	毛巾被製造
A642	冰箱把手套縫製
A661	地毯製造
A67C	帆布篷縫製
A67C	帆布床縫製
A67C	帆布衣櫃縫製
A6D5	耳罩縫製
A7C9	床單製造
A7C9	床罩製造
A846	沙發套縫製
A854	汽車椅套縫製
A8AE	車套縫製
A8EB	刺繡毛毯織製
A9D9	抹布製造
AA45	枕心縫製
AA45	枕頭製造
AA45	枕套縫製
AB42	雨篷縫製
AC7E	洗衣機套縫製
ADB0	降落傘縫製
AEE0	桌巾縫製
AF44	浴巾製造
B162	帳篷縫製
B1BE	掛毯製造
B1CF	救生衣製造
B2B4	眼罩縫製
B2EE	船帆縫製
B351	被套縫製
B351	被褥製造
B3CA	傘面縫製
B4D6	棉胎縫製
B5A1	窗簾製造
B9D4	墊子製造
BA58	旗幟縫製
BACE	睡袋縫製
BE42	遮陽篷製造
C26F	濾袋縫製
A475	工業用線網編結
A5A7	尼龍纜絞製
A5A7	尼龍索絞製
A5A7	尼龍繩絞製
A651	吊床網編結
A76C	吸油繩編製
A8BE	防水繩纜絞製
ABAB	垂繸織製
ADB1	面紗織製
AFF3	草繩絞製
B041	蚊帳織製
B05F	起重纖維繩纜絞製
B160	常用網袋編結
B2CA	粗棕繩編製
B2CA	粗麻繩編製
B2CA	粗尼龍繩編製
B3A8	釣魚線製造
B3C2	麻索絞製
B3C2	麻纜絞製
B3C2	麻繩絞製
B4C4	棕繩絞製
B4C4	棕網織製
B4C4	棕索絞製
B4C4	棕纜絞製
BAAE	漁網編製
BD75	線網織製
BEF7	機器用帶織製
C3B7	繩梯編製
A6A8	成衣繡製
A8EB	刺繡徽章織製
A8EB	刺繡花邊織製
A8EB	刺繡標籤織製
A9A9	帘幔繡製
AA41	服飾帶織製
AA6F	油布織製
AAE1	花邊織製
AEE0	桌圍繡製
AEF8	消防水帶織製
B1BE	掛屏繡製
B351	被面織製
B36E	軟匾繡製
B565	畫布織製
BA58	旗幟繡製
BA58	旗袍繡製
BA75	滾條織製
BAA3	漆布織製
BCD0	標籤織製
BE63	鞋帶織製
C0B2	徽章織製
C0B8	戲衣繡製
C0D6	氈類製造
C26F	濾布織製
C350	鬆緊帶織製
C47C	辮帶織製
C5D6	纖維床墊製造
A5AC	布質雨衣縫製
B1F4	梭織泳衣製造
B1F4	梭織襯衫縫製
B1F4	梭織制服縫製
B1F4	梭織外衣縫製
B1F4	梭織服裝訂製
B1F4	梭織運動服裝縫製
B1F4	梭織內衣縫製
B1F4	梭織束衣縫製
B1F4	梭織胸罩縫製
B1F4	梭織內褲縫製
B1F4	梭織束褲縫製
B1F4	梭織束腹縫製
B1F4	梭織睡衣縫製
B077	針織泳衣製造
B077	針織毛褲製造
B077	針織制服製造
B077	針織外衣製造
B077	針織毛衣製造
B077	針織襯衫製造
B077	針織運動服裝製造
B077	針織束衣縫製
B077	針織胸罩縫製
B077	針織內褲縫製
B077	針織束褲縫製
B077	針織束腹縫製
B077	針織睡衣縫製
B077	針織內衣縫製
AAF8	長襪製造
B575	短襪製造
BFC7	褲襪製造
AFBC	紡織手套縫製
B077	針織手套製造
AFF3	草帽製造
B077	針織帽製造
B5B7	絲絨帽製造
B6EC	塑膠編織帽製造
C0D6	氈帽製造
C2A7	禮帽製造
A4E2	手帕縫製
A651	吊帶縫製
B0B2	假領縫製
B3F2	圍巾頭巾製造
B5B7	絲巾縫製
B86A	綁腿製造
BBE2	領結縫製
BBE2	領帶縫製
BBE2	領巾縫製
BE76	髮網製造
C4FB	襪帶縫製
A4F2	毛皮修整
A4F2	毛皮剪裁
A4F2	毛皮繃製
A4F2	毛皮染色
A4F2	毛皮上蠟
A4F2	毛皮漂白
A4F2	毛皮硝製
A4F2	毛皮梳理
A5D6	皮革漂白
A5D6	皮革上光
A5D6	皮革染色
A5D6	皮革壓花
A5D6	皮革硬化
A5D6	皮革上漆
A641	再生皮製造
ADB1	面皮整製
B77D	榔皮整製
A4EC	木屐製造
A5D6	皮鞋製造
AFBC	紡織鞋製造
B6EC	塑膠鞋製造
BE63	鞋底製造
BE63	鞋跟製造
BEF3	橡膠鞋製造
A4BD	公事包製造
A4C6	化粧箱製造
A4C6	化粧包製造
A4E2	手提包製造
A4E2	手提電腦袋製造
A5D6	皮包製造
A5D6	皮夾製造
A6E6	行李箱製造
AD49	背包製造
AED1	書包製造
B879	腰包製造
B942	運動袋製造
BCD6	樂器盒及樂器提箱製造
A470	小件皮飾製造
A4F2	毛皮縫製
A4F2	毛皮暖帽縫製
A4F2	毛皮手套縫製
A4F2	毛皮護耳縫製
A4F2	毛皮圍領製造
A4F2	毛皮手筒縫製
A5D6	皮鞭製造
A5D6	皮帶製造
A5D6	皮衣製造
A5D6	皮管製造
A5D6	皮帽製造
A5D6	皮褲製造
A5D6	皮套製造
A5D6	皮手套製造
A5D6	皮墊圈製造
A5D6	皮圍裙製造
A5D6	皮馬勒製造
A5D6	皮齒輪製造
A5D6	皮革蛇管製造
A5D6	皮革鞍具製造
A5D6	皮革狗玩具製造
A5D6	皮革狗（貓）飾物製造
A5FE	全獸毛皮衣飾縫製
A5FE	全獸毛皮地毯製造
BAF4	網皮製造
BD73	編皮製品製造
BEF7	機軸護革製造
BEF7	機器用皮帶製造
BEF7	機器用皮革零件製造
BF69	磨刀皮帶製造
A4EC	木材燻蒸
A4EC	木條鋸製
A4EC	木押條鋸製
A4EC	木材防腐處理
A4EC	木材化學處理
A4EC	木材防蟲處理
A4EC	木材防黴處理
A4EC	木材防蟻處理
A4EC	木材輻射處理
A4EC	木材表面碳化處理
A4EC	木材人造樹脂注入
A661	地板材鋸製
A8A4	角材鋸製
AA45	枕木鋸製
AA4F	板材鋸製
AAF9	門窗材鋸製
ABD8	建材鋸製
ACDB	相框材鋸製
AEE9	桅桿材鋸製
B0AE	乾燥處理
B1ED	桶板鋸製
B3CE	割材鋸製
B8CB	裝箱材鋸製
B971	電桿木鋸製
B9A2	飾條鋸製
BD63	箱板鋸製
BEEE	橫擔木鋸製
BEF0	樹皮處理
BFF7	鋸屑處理
C27A	璧板材鋸製
A4EC	木心板製造
A658	合板印花
A658	合板貼面
A658	合板壓花
A658	合板嵌花
A658	合板表面處理
A8BE	防火合板製造
A8BE	防腐合板製造
B2C9	粒片板製造
B3E6	單板製造
B6B0	集成（層積）材製造
B6EC	塑化木材製造
B8CB	裝箱用合板製造
BA63	構造用合板製造
BC68	層壓材製造
C5D6	纖維板製造
A4EC	木瓦製造
A4EC	木椽製造
A4EC	木門製造
A4EC	木樑製造
A4EC	木隔板製造
A4EC	木欄杆製造
A4EC	木押條製造
A4EC	木樓梯製造
A4EC	木雕門隔製作
A4EC	木質預製房屋製造
A4EC	木窗及其框架製造
A4EC	木質活動房屋製造
A4EC	木質串珠狀椽飾製造
A661	地板條製造
ABCE	屋頂板製造
ABF7	拼花地板製造
A4EC	木盒製造
A4EC	木斗製造
A4EC	木盆製造
A4EC	木桶製造
A4EC	木托盤製造
A4EC	木飼料槽釘製
A4EC	木質裝貨箱製造
A4EC	木質包裝箱製造
AA4F	板條箱編製
AC68	柳斗編製
AC68	柳簍編製
AC68	柳條籃編製
AC68	柳條筐編製
AC68	柳條箱製造
AC68	柳條盤編製
A4EC	木匙製造
A4EC	木槌製造
A4EC	木樁製造
A4EC	木砧製造
A4EC	木柄製造
A4EC	木橛製造
A4EC	木材染色
A4EC	木筷製造
A4EC	木梭製造
A4EC	木釘製造
A4EC	木塞製造
A4EC	木鍬製造
A4EC	木碟製造
A4EC	木櫓製造
A4EC	木框製造
A4EC	木鞋楦製造
A4EC	木禽欄製造
A4EC	木鏡框製造
A4EC	木路標製造
A4EC	木風車製造
A4EC	木招牌製造
A4EC	木搖籃製作
A4EC	木插筒製作
A4EC	木硯盒製作
A4EC	木手杖製造
A4EC	木花邊製造
A4EC	木叉耙製造
A4EC	木名牌製作
A4EC	木雕小件製造
A4EC	木製圖板製作
A4EC	木雕神像製作
A4EC	木和麵板製造
A4EC	木像框架製造
A4EC	木縫機座製作
A4EC	木畫報架製作
A4EC	木菸灰碟製造
A4EC	木洗衣板製造
A4EC	木質火柴梗製造
A4EC	木嵌貝殼細工製作
A4EC	木嵌文石細工製造
A4EC	木材合成樹脂處理
A4EC	木嵌象牙細工製作
A4EC	木嵌金屬細工製作
A4EC	木材聚乙二醇處理
A4EC	木擀麵杖製造
A4F5	火柴用木片製造
A6CB	竹材去皮
A6CB	竹筏製造
A6CB	竹篩製造
A6CB	竹架製造
A6CB	竹簍編製
A6CB	竹筷製造
A6CB	竹材鋸製
A6CB	竹箱製造
A6CB	竹耙製造
A6CB	竹筐編製
A6CB	竹材燻蒸
A6CB	竹笠編製
A6CB	竹籩編製
A6CB	竹筒車製
A6CB	竹絲剖製
A6CB	竹籃編製
A6CB	竹簾編製
A6CB	竹壁飾製造
A6CB	竹飾物製造
A6CB	竹白材剖製
A6CB	竹漏杓製造
A6CB	竹蒸籠製造
A6CB	竹皮盤編製
A6CB	竹細工製作
A6CB	竹桿材鋸製
A6CB	竹鳥籠製造
A6CB	竹片彎曲層積
A6CB	竹工藝品製造
AFAF	秤桿木製造
AFF3	草蓆織製
B36E	軟木瓦製造
B36E	軟木墊製造
B36E	軟木圈製造
B36E	軟木塞製造
B6EC	塑化藤條製造
B6EC	塑化柳材製造
B6EC	塑化竹材製造
BC68	層竹製造
BC68	層竹壁飾製造
BC68	層竹器皿製作
BC68	層竹飾物製造
BC68	層竹單板製造
BDA6	膠合軟木製品製造
C04A	雕花木板製造
C14E	篾片剖製
C14E	篾蓆織製
C3C3	藤簍編製
C3C3	藤籃編製
C3C3	藤匣編製
C3C3	藤箱編製
C3C3	藤筐編製
C3C3	藤編條製作
C3C3	藤飾物製造
AFC8	紙漿製造
A55D	包裝紙製造
AB44	非碳複寫原紙製造
B4D6	棉宣紙類製造
B773	新聞紙製造
B944	道林紙製造
BBC9	銅版紙製造
BCD2	模造紙製造
A4FB	牛皮紙板製造
A5CB	瓦楞芯紙製造
A5D5	白紙板製造
A6C7	灰紙板製造
A8BE	防油紙板製造
A8BE	防水組合紙板製造
AFC8	紙板製造
B2D5	組合紙板製造
B6C0	黃紙板製造
B96A	隔熱紙板製造
A5CB	瓦楞紙板製造
A5CB	瓦楞紙箱製造
A751	利樂包製造
AFC8	紙管製造
AFC8	紙袋製造
AFC8	紙盒製造
AFC8	紙封製造
AFC8	紙杯製造
AFC8	紙瓶製造
AFC8	紙碟製造
AFC8	紙板盤製造
AFC8	紙板箱製造
AFC8	紙棧板製造
AFC8	紙板筒製造
AFC8	紙板捲筒製造
BE54	鋁箔包製造
A4C6	化妝棉製造
A76C	吸水紙製造
ADB1	面紙製造
AFC8	紙巾製造
AFC8	紙餐巾製造
AFC8	紙尿褲製造
BDC3	衛生棉製造
BDC3	衛生紙製造
A5DB	石蠟紙製造
A5DB	石蕊試紙製造
A8BE	防水紙製造
A8BE	防油紙製造
A8BE	防鏽紙製造
A8BE	防水組合紙製造
A8C6	事務機器用紙捲製造
AA6F	油紙製造
AAF7	金屬箔紙製造
AB44	非碳複寫紙製造
ACC1	玻璃紙製造
AFAB	神紙（冥紙）製造
AFC8	紙漿模塑包裝製品製造
AFC8	紙帽製造
AFE8	航空郵簡紙製造
B2D5	組合紙製造
B5A7	筆記本等紙製文具製造
B8C1	蜂蠟紙製造
B8CB	裝飾色紙製造
B971	電信用紙製造
B971	電腦報表紙製造
B9AA	鼓紙製造
BC76	影印紙製造
BCF6	熱熔塑膠膜紙製造
BDC6	複寫紙製造
E7C8	褙紙製造
BEC0	壁紙製造
C248	黏合塑膠膜紙製造
C26F	濾紙製造
C2F7	離型紙製造
C4FA	蠟紙製造
C4FA	蠟光紙製造
33	3D印刷
A5D6	皮革材印刷
A657	名片印製
A96D	姓名貼紙印製
AAF7	金屬材印刷
AFC8	紙材印刷
B3DF	喜帖印製
B650	賀卡印製
B66C	郵票印製
B6EC	塑膠材印刷
BEF0	樹脂材印刷
BEF3	橡膠材印刷
A4EC	木版製作
A64C	印刷排版
AED1	書冊裝訂
AED1	書面壓花
AED1	書面上光
AED1	書面燙金
AFC8	紙版製作
B7D3	照相排版
B95D	鉛版製作
B971	電腦排版
B971	電鍍版製作
B971	電鑄版製作
BA75	滾筒版製作
BAF4	網版製作
BB45	聚脂版製作
BBC9	銅版製作
BBC9	銅鋅版製作
BBCA	銘版製作
BE4E	鋅版製作
BE54	鋁版製作
BEF0	樹脂版製作
BEF3	橡皮版製作
BFFB	鋼版製作
B36E	軟體內容複製
BC76	影音內容複製
BFFD	錄音帶內容複製
BFFD	錄影帶內容複製
A4C1	切削油製造
A5CD	生質柴油製造
A5DB	石蠟製造
A5DB	石油脂製造
A5DB	石油醚製造
A5DB	石油腦製造
A5DB	石油溶劑製造
A5DB	石油分餾物精製
A7EF	改質瀝青品製造
A854	汽油製造
A8BE	防鏽油製造
A8C5	乳化瀝青製造
AB62	剎車油製造
AEE3	柴油製造
AFE8	航空燃油製造
B073	酒精汽油製造
B247	液石蠟製造
B247	液化石油氣提煉
B256	混合汽油製造
B54A	焦炭製造
B54A	焦油乳液製造
B5B4	絕緣油製造
B7D1	煤磚製造
B7D1	煤油製造
B7D1	煤球製造
B7D1	煤焦油製造
B7D1	煤焦瀝青製造
BBC4	酸油製造
BC51	噴射機用油製造
BCED	潤滑油製造
BEAE	凝結油提煉
BF55	燃料油製造
BFF5	錠子油製造
C2F8	雜醇油製造
C377	瀝青製造
C471	礦物膠析製
C5DC	變壓器油製造
A440	一般化學元素製造
A441	乙基纖維素製造
A447	二硫化碳製造
A447	二氧化碳製造
A447	二氧化硫製造
A447	二氧化鈦製造
A4A3	不飽和環狀煤焦煉製物餾製
A4C6	化合物半導體材料（未經磊晶製程）製造
A4D3	太陽能晶棒製造
A4D3	太陽能多晶矽製造
A4EC	木炭餾製
A4EC	木焦油乾餾
A5CD	生質性酒精製造
A658	合成乙醇製造
A6B8	次氯酸鈉製造
A6BB	氖氣製造
A6CB	竹炭餾製
A74E	冷凍用氣體製造
A7DC	抗凍醇製造
A845	汞製造
A8AA	赤血鹽製造
A8C5	乳酸製造
A8C5	乳酸鹽製造
A8C8	亞磷酸製造
A8C8	亞硝基烴製造
A8C8	亞硫酸鹽製造
A8C8	亞硝基乙醚製造
A8C8	亞硝酸乙酯製造
A9F1	放射性同位元素製造
AA6F	油酸製造
AABF	矽酸鉛製造
AABF	矽酸鈉製造
AABF	矽氟酸鈉製造
AABF	矽晶圓（未經磊晶製程）製造
AC65	枸椽酸製造
AC74	氟化矽製造
ADBB	香茅酮製造
AEF1	氧化鋅製造
AEF1	氧氣製造
AEF1	氧化鉛製造
AEF1	氧化錫製造
AEF1	氧化鐵製造
AEF3	氦氣製造
AFBA	笑氣製造
AFD7	脂肪酸製造
AFF3	草酸製造
B073	酒精製造
B073	酒石酸製造
B073	酒石酸鹽製造
B0AA	高純度化學元素製造
D369	胺基酸製造
B0AE	乾冰製造
B242	氫氧氣製造
B242	氫氟酸製造
B242	氫氧化鋁製造
B242	氫氧化鉀製造
B242	氫氧化鈉製造
B247	液氯製造
B247	液化氦製造
B247	液化氫製造
B247	液化氬製造
B247	液化氮製造
B247	液化氧製造
B247	液庇空氣製造
B256	混合氣製造
B2B8	硫精煉
B2B8	硫酐製造
B2B8	硫酸製造
B2B8	硫化氫製造
B2B8	硫酸鹽製造
B2B8	硫酸銅製造
B2B8	硫酸鈉製造
B2B8	硫化物製造
B2B8	硫酸鋇製造
B2B8	硫氰化合物製造
B4E1	氮氣製造
B4E2	氯氣製造
B4E2	氯酸鋇製造
B4E2	氯礦酸製造
B576	硝酸製造
B576	硝酸鉀製造
B576	硝基烴製造
B576	硝酸鹽製造
B576	硝化甘油製造
B576	硝基苯胺製造
B577	硬脂酸製造
B675	鈉製造
B6C0	黃血鹽製造
D9E6	氰化鉀製造
D9E6	氰化鈉製造
D9E6	氰化物製造
B84B	碘製造
B84B	碘化鉀製造
B84E	硼酸製造
B84E	硼酸鈉製造
B94C	過氧化氫製造
B95C	鈾酸鈉製造
B95D	鉛丹製造
E0B0	鈰鹽製造
E0BB	鉬酸鈉製造
BAD2	碳化鈣製造
BAD2	碳酸鈉製造
BAD2	碳酸氫鈉製造
BBC4	酸類製造
BBCC	鉻酸製造
BE4E	鋅白製造
BE4F	銻酸鈉製造
BE54	鋁酸鈉製造
BEA2	麩胺酸製造
BF7D	糖精製造
BFFC	錫酸鈉製造
C143	磷酸製造
C143	磷酸脂製造
C144	磺烴製造
C2C5	藍寶石晶棒製造
C650	鹼類製造
C651	鹽酸製造
A441	乙炔製造
A441	乙苯製造
A441	乙醚製造
A441	乙醛製造
A441	乙酸酯製造
A441	乙二醇製造
A441	乙酸乙酯製造
A442	丁醇製造
A442	丁烯二酐製造
A442	丁酸乙酯製造
A476	己內醯胺製造
A476	己二酸及己二胺製造
A4A3	不飽和醇類製造
A4F4	水楊酸製造
A4FE	丙酮製造
A4FE	丙烯製造
A4FE	丙二酚製造
A4FE	丙二醇類製造
A4FE	丙烯酸及其酯類製造
A4FE	丙烯腈製造
A57C	四氯化碳製造
A5D2	甲酸製造
A5D2	甲醛製造
A5D2	甲醇製造
A5D2	甲酸乙酯製造
A658	合成氨製造
A658	合成甘油製造
A668	多元醇製造
A677	安息香酸鈉製造
AADA	芳香烴製造
AD66	苯胺製造
AD66	苯乙烯製造
B0AA	高級醇製造
B0BE	偏二氯乙烯製造
B247	液氨製造
B26D	烯烴及雙烯烴製造
B2A7	異丙苯製造
B2A7	異丙醇製造
B2A7	異戊四醇製造
B2A7	異氰酸酯製造
B3BF	鹵化烴製造
D64A	烷烴製造
D64A	烷基苯製造
D7F4	酚製造
B4E2	氯丙烯製造
B4E2	氯乙烯製造
B4E2	氯化甲烷製造
B9EF	對苯二甲酸製造
B9EF	對苯二甲酸二甲酯製造
BE46	鄰苯二甲酸酐製造
BE46	鄰苯二甲酸二辛酯製造
BE4C	醋酸乙烯製造
BE4C	醋酸及醋酸酐製造
C0F4	環己酮製造
C0F4	環氧乙烷製造
C0F4	環氧丙烷製造
C0F4	環氧氯丙烷製造
A467	土壤改良劑製造
A4D1	天然鉀鹽製造
A4D1	天然磷酸鹽製造
A5CD	生物性肥料配製
A5CD	生物性土壤改良劑配製
A6B3	有機肥料製造（堆肥除外）
A6B8	次量、微量元素肥料配製
A7BF	尿素製造
AE61	家庭園藝用肥料製造
B0A9	骨粉肥料配製
B0F6	培養土製造
B3BD	魚肥製造
B4D3	植物生長輔助劑製造
B4E1	氮肥製造
B576	硝酸鹽鉀肥製造
B95B	鉀肥製造
BDC6	複合肥料製造
C143	磷肥製造
26	呋喃樹脂製造
A441	乙烯醋酸乙烯酯製造
A454	三聚氰胺樹脂製造
A4A3	不飽和聚酯樹脂製造
A4FE	丙烯腈-丁二烯乳膠製造
A4FE	丙烯腈─苯乙烯（AS）製造
A4FE	丙烯腈─丁二烯─苯乙烯（ABS）製造
A5DB	石油樹脂製造
A655	各種纖維素製造
A7BF	尿素塑粉製造
A7BF	尿素甲醛樹脂製造
AABF	矽酮樹脂製造
AC74	氟碳樹脂製造
AD66	苯乙烯-丁二烯乳膠製造
B0A8	馬林酐樹脂製造
B247	液晶高分子製造
D7F4	酚醛樹脂製造
B6EC	塑膠粒製造
B954	酪素製造
BB45	聚乙烯製造
BB45	聚丁烯製造
BB45	聚酯樹脂製造
BB45	聚苯乙烯製造
BB45	聚醋酸乙烯製造
BB45	聚乙烯醇樹脂製造
BB45	聚苯乙烯乳膠製造
BB45	聚丙烯（PP）製造
BB45	聚醯胺（尼龍）製造
BB45	聚縮醛（POM）製造
BB45	聚乳酸（PLA）製造
BB45	聚氯乙烯（PVC）製造
BB45	聚甲基丙烯酸甲酯（壓克力）製造
BE4A	醇酸樹脂製造
C0F4	環氧樹脂製造
C2F7	離子交換樹脂製造
A442	丁基橡膠製造
A442	丁二烯橡膠製造
A4FE	丙烯腈─丁二烯橡膠製造
AABF	矽橡膠製造
AC74	氟橡膠製造
AD66	苯乙烯─丁二烯橡膠製造
B2A7	異戊二烯橡膠製造
B2A7	異丁烯─異戊二烯橡膠製造
B4E2	氯丁二烯橡膠製造
BB45	聚硫橡膠製造
BB45	聚氨基甲酸酯橡膠製造
BB45	聚甲基丙烯酸丙酯橡膠製造
BCF6	熱可塑性橡膠製造
BEF3	橡膠乳液製造
A5A7	尼龍纖維製造
B576	硝化纖維製造
B577	硬化纖維製造
B7BB	溶劑再生纖維製造
B954	酪素纖維製造
B9E3	嫘縈纖維製造
BAD2	碳纖維製造
BB45	聚酯纖維製造
BB45	聚丙烯纖維製造
BB45	聚乙烯醇纖維製造
BB45	聚氨基甲酸酯（PU）纖維製造
BB45	聚丙烯腈（亞克力）纖維製造
BBC9	銅銨纖維製造
BC75	彈性纖維製造
BE4C	醋酸纖維製造
A4DE	引誘劑製造
A5CD	生物殺蟲劑製造
A5DB	石灰硫磺製造
A6C3	污染防治用藥製造
AEF8	消毒劑製造
B0A3	除草劑製造
B0A3	除螺劑製造
B0A3	除藻劑製造
B1FE	殺蟲劑製造
B1FE	殺菌劑製造
B1FE	殺鼠劑製造
B1FE	殺線蟲劑製造
B1FE	殺蟎劑製造
B4D3	植物生長調節劑製造
B56F	發芽抑制劑製造
B74C	微生物除草劑製造
B74C	微生物殺菌劑製造
B74C	微生物生長調節劑製造
B8AD	葉面噴施劑製造
C0F4	環境用藥微生物製劑製造
C558	驅蟲劑製造
AA6F	油墨製造
AA6F	油墨稀釋劑製造
AA6F	油灰（補土）製造
ABCA	封緘料製造
AC56	染料製造
B0CA	動物染料提取
B2A1	瓷釉製造
B4D3	植物染料提取
B6EE	塗料製造
B6EE	塗料用稀釋劑製造
B6EE	塗料用催乾劑製造
B6EE	塗料用脫膜劑製造
BAA3	漆料製造
C343	顏料製造
A466	口腔衛生製劑製造
A475	工業用肥皂製造
A4D1	天然甘油製造
A4FA	牙粉製造
A4FA	牙膏製造
A5CD	生物酵素清潔劑製造
A5FA	光學用清潔劑製造
A658	合成清潔劑製造
A6E7	衣物柔軟劑製造
A86D	皂片製造
A86D	皂膏製造
AACE	肥皂粉製造
AACE	肥皂絲製造
AAED	表面活性劑製造
AC7E	洗碟劑製造
AC7E	洗衣精製造
AC7E	洗滌鹽製造
AC7E	洗衣皂製造
AC7E	洗滌劑製造
AC7E	洗衣粉製造
ACA1	活菌清潔劑製造
ACA1	活菌污物分解劑製造
BAB0	滌垢劑製造
BAB0	滌油劑製造
A4C6	化粧用甘油製造
A4EE	止汗劑製造
A84E	沐浴乳製造
A8AD	身體除臭劑製造
A8F8	卸粧劑製造
AAE1	花露水製造
AB63	剃鬚膏製造
AB63	剃鬚水製造
AB63	剃鬚皂製造
ABFC	指甲油去光水製造
AC56	染髮劑製造
AC7E	洗髮劑製造
AC7E	洗面皂製造
AC7E	洗面乳製造
AC7E	洗指油製造
ACDC	眉膏製造
ADB1	面脂製造
ADB1	面粉製造
ADB1	面油製造
ADB1	面膜製造
ADB1	面霜製造
ADBB	香粉製造
ADBB	香皂製造
ADBB	香水製造
AE42	唇膏製造
AFDA	胭脂製造
B26E	爽身粉製造
B2B4	眼線膏製造
B7F3	痱子粉製造
BCED	潤髮油製造
BDD5	調合香精製造
BE76	髮膠製造
BE76	髮膏製造
A441	乙基鉛製造
A475	工業用膠製造
A4A6	丹寧酸製造
A4D1	天然精油提煉
A4DE	引炸劑製造
A4F4	水處理劑製造
A4F5	火藥製造
A4F5	火柴製造
A556	冬青油製造
A568	去漆劑製造
A5B4	打光粉製造
A5B4	打光蠟製造
A64C	印刷版用膠製造
A661	地板蠟製造
A677	安全引信製造
A6B3	有機試藥製造
A6B3	有機合成觸媒製造
A74E	冷凍媒製造
A7BF	尿素膠製造
A7DC	抗震劑製造
A854	汽車蠟製造
A8BE	防水料製造
A8BE	防濕劑製造
A8BE	防火劑製造
A8BE	防鏽劑製造
A954	固色劑製造
A977	定影劑製造
AA6F	油添加劑製造
AAC5	空膠囊製造
AAF7	金屬表面浸潤劑製造
AAF7	金屬表面處理劑製造
AB44	非食用動物油脂加氫
AB44	非食用動物油脂精製
AB44	非食用動物油脂煉製
AB47	亮光蠟製造
AB4F	保革油製造
ABCA	封口蠟製造
ABFC	指示劑製造
ACA1	活性碳製造
ACB5	炸藥製造
AD4A	胡桃油製造
ADBB	香茅油製造
AE69	展著劑製造
AEE4	桐油製造
AFBC	紡織漿料製造
AFF6	荏油製造
B07B	閃光劑製造
B0A3	除銹劑製造
B0CA	動物膠製造
B1B5	接合劑製造
B3BD	魚膠製造
B443	媒染劑製造
B4D3	植物鞣劑提取
B54C	無機鞣劑製造
B54C	無機試藥製造
B56F	發火劑製造
B6EC	塑蠟製造
B6EC	塑型膠料製造
B750	感光紙製造
B750	感光片製造
B750	感光劑製造
B7C0	滅火劑製造
B7D2	煉油觸媒製造
B7D3	照相底片製造
B8C9	補胎膠製造
B970	雷汞製造
B971	電鍍劑製造
BA7D	漂白劑製造
BAEB	精油製造
BB45	聚合反應觸媒製造
E3C9	蓖麻油製造
BCCC	樟腦精製
BDA6	膠水製造
BDA6	膠黏劑製造
BDA6	膠質紙製造
BE5A	銲藥製造
BE63	鞋油製造
BEA5	墨汁製造
BEA5	墨水製造
BEC9	導火劑製造
BEF3	橡膠生膠混煉
C0BF	擦銅膏製造
C0F4	環氧化油製造
C0F4	環境芳香劑製造
C1A1	薄荷腦精製
C1A1	薄荷油製造
C37A	爆竹煙火製造
C471	礦油防蝕劑製造
C471	礦油防沫劑製造
C471	礦油防氧化劑製造
C4FA	蠟燭製造
C5E3	顯影劑製造
A5CD	生藥抽提物製造
A6B3	有機醫療化學品及其衍生物製造
B54C	無機醫療化學品及其衍生物製造
A6E8	西藥散劑製造
A6E8	西藥乳劑製造
A6E8	西藥酏劑製造
A6E8	西藥酊劑製造
A6E8	西藥貼劑製造
A6E8	西藥粉劑製造
A6E8	西藥栓劑製造
A6E8	西藥丸劑製造
A6E8	西藥錠劑製造
A6E8	西藥注射劑製造
A6E8	西藥軟膏劑製造
A6E8	西藥細粒劑製造
A6E8	西藥浸膏劑製造
A6E8	西藥懸浮劑製造
A6E8	西藥膠囊劑製造
A6E8	西藥乳膏劑製造
A6E8	西藥凝膠劑製造
A6E8	西藥顆粒劑製造
A6E8	西藥軟膠囊劑製造
A6E8	西藥外用粉劑製造
A6E8	西藥眼用藥水製造
A6E8	西藥流浸膏劑製造
A6E8	西藥內服液劑製造
A6E8	西藥控釋劑型製造
A6E8	西藥外用散劑製造
A6E8	西藥眼用藥膏製造
A6E8	西藥外用液劑製造
AEF0	氣化噴霧劑製造
AFBB	粉性注射劑製造
A6E5	血清蛋白製造
A6E5	血漿萃取物製造
A6E5	血液衍生物製造
A7DC	抗毒素製造
AC72	毒素製造
ACCC	疫苗製造
B0F2	基因工程藥品製造
B344	蛇毒血清製造
B5B2	結核菌素製造
B5DF	菌苗製造
BEAE	凝血因子製造
C3FE	類毒素製造
A4A4	中藥粉劑製造
A4A4	中藥丹劑製造
A4A4	中藥飲片加工
A4A4	中藥酒劑製造
A4A4	中藥露劑製造
A4A4	中藥麴劑製造
A4A4	中藥散劑製造
A4A4	中藥硬膏製造
A4A4	中藥丸劑製造
A4A4	中藥膏滋製造
A4A4	中藥膠劑製造
A4A4	中藥錠劑製造
A4A4	中藥碎片劑製造
A4A4	中藥浸膏劑製造
A4A4	中藥細粒劑製造
A4A4	中藥膠囊劑製造
A4A4	中藥糖漿劑製造
A4A4	中藥油膏劑製造
A4A4	中藥軟膏劑製造
A4A4	中藥顆粒劑製造
A4A4	中藥濃縮劑製造
A4A4	中藥外用散劑製造
A4A4	中藥流浸膏劑製造
A4A4	中藥外用液劑製造
A4A4	中藥內服液劑製造
A4A4	中藥外用粉劑製造
A448	人類免疫缺乏病毒檢驗試劑製造
A448	人類嗜T淋巴球病毒檢驗試劑製造
A54E	代謝物檢驗試劑製造
A5CD	生物晶片製造
A6E5	血糖試片製造
A6E5	血型分類試劑製造
A6E5	血液學檢驗試劑製造
A878	肝炎檢驗試劑製造
AED6	核酸探針臨床診斷試劑製造
B2D3	細胞學、組織學檢驗試劑製造
B74C	微生物、病毒、血清檢驗試劑製造
B971	電解質檢驗試劑製造
BBC3	酵素檢驗試劑製造
BEAE	凝血反應檢驗試劑製造
C17B	臨床生化檢驗試劑（含毒性檢驗）製造
C368	懷孕檢驗試劑製造
A4E2	手術覆蓋膜製造
A4EE	止血海綿製造
A57E	外科腸線製造
AEF8	消毒棉花製造
AEF8	消毒紗布製造
BCC5	敷料製造
C15E	繃帶製造
C2E5	醫用石膏製造
A641	再生輪胎製造
A655	各種輪胎翻修
A6DB	自行車內胎製造
A6DB	自行車輪胎製造
A854	汽車內胎製造
A854	汽車輪胎製造
ADAB	重機械車內胎製造
ADAB	重機械車輪胎製造
AFE8	航空器內胎製造
AFE8	航空器輪胎製造
B941	農工業車內胎製造
B941	農工業車輪胎製造
BE6D	駝背胎面膠製造
BEF7	機車內胎製造
BEF7	機車輪胎製造
A8AE	車輛用橡膠零配件製造
A8BE	防震橡膠製造
ABD8	建築用橡膠零配件製造
B971	電機電子用橡膠零配件製造
BEF3	橡膠滾輪製造
BEF3	橡膠密封材製造
BEF3	橡膠輸送帶製造
BEF3	橡膠傳動帶製造
BEF7	機械用橡膠零配件製造
A552	充氣橡膠床墊製造
A641	再生橡膠製造
AA77	泡沫橡膠製造
AABF	矽膠奶嘴製造
AB4F	保險套製造
BEF3	橡膠枕製造
BEF3	橡膠環製造
BEF3	橡膠粒製造
BEF3	橡膠片製造
BEF3	橡膠衣製造
BEF3	橡膠管製造
BEF3	橡膠墊製造
BEF3	橡膠絲製造
BEF3	橡膠板製造
BEF3	橡膠褲製造
BEF3	橡膠粉製造
BEF3	橡膠糊製造
BEF3	橡膠線製造
BEF3	橡膠索製造
BEF3	橡膠套管製造
BEF3	橡膠海棉製造
BEF3	橡膠雨衣製造
BEF3	橡膠地板製造
BEF3	橡膠手套製造
BEF3	橡膠氣墊製造
BEF3	橡膠圓盤製造
BEF3	橡膠乳頭製造
BEF3	橡膠手指套製造
BEF3	橡膠滾筒貼面製造
B16A	強化塑膠板、棒、管、型材製造
B6EC	塑膠管製造
B6EC	塑膠板製造
B6EC	塑膠布製造
B6EC	塑膠浪板製造
B6EC	塑膠合成皮製造
C0A3	壓克力板製造
B6EC	塑膠網袋製造
B6EC	塑膠捲撕袋製造
B6EC	塑膠夾鏈袋製造
B6EC	塑膠編織袋製造
B6EC	塑膠保鮮膜製造
B6EC	塑膠包裝袋製造
B6EC	塑膠多層膜袋製造
B6EC	塑膠手提及購物袋製造
A642	冰箱內部塑膠配件製造
B16A	強化塑膠汽車配件製造
B6EC	塑膠電腦外殼製造
B6EC	塑膠電話外殼製造
B6EC	塑膠電視機外殼製造
B6EC	塑膠小家電外殼製造
BC76	影印機塑膠配件製造
AAC5	空白信用卡製造
AB4F	保麗龍製造
B16A	強化塑膠浴缸製造
B16A	強化塑膠容器製造
B16A	強化塑膠門窗製造
B16A	強化塑膠化糞槽製造
B6EC	塑膠地板製造
B6EC	塑膠瓶製造
B6EC	塑膠筷製造
B6EC	塑膠網製造
B6EC	塑膠盆製造
B6EC	塑膠褲製造
B6EC	塑膠毯製造
B6EC	塑膠碗製造
B6EC	塑膠繩製造
B6EC	塑膠桶製造
B6EC	塑膠匙製造
B6EC	塑膠線製造
B6EC	塑膠盒製造
B6EC	塑膠帽製造
B6EC	塑膠人造石製造
B6EC	塑膠壺製造
B6EC	塑膠杯製造
B6EC	塑膠絲製造
B6EC	塑膠梳製造
B6EC	塑膠浴帽製造
B6EC	塑膠提籃製造
B6EC	塑膠手套製造
B6EC	塑膠壁布製造
B6EC	塑膠衣夾製造
B6EC	塑膠雨帽製造
B6EC	塑膠衣帶製造
B6EC	塑膠海棉製造
B6EC	塑膠外衣製造
B6EC	塑膠擺飾製造
B6EC	塑膠包膜製造
B6EC	塑膠帳篷製造
B6EC	塑膠衣架製造
B6EC	塑膠雨衣製造
B6EC	塑膠桌布製造
B6EC	塑膠牙刷製造
B6EC	塑膠圍裙製造
B6EC	塑膠泡棉製造
B6EC	塑膠浴簾製造
B6EC	塑膠肥皂盒製造
B6EC	塑膠煙灰缸製造
B6EC	塑膠繫物帶製造
B6EC	塑膠毛巾架製造
B6EC	塑膠黏性膠帶製造
C45F	寶特瓶製造
A4CF	反射玻璃製造
A6B3	有色平板玻璃製造
ACC1	玻璃基板製造
AF42	浮式平板玻璃製造
AF4E	烤漆印刷玻璃製造
B16A	強化安全玻璃製造
B37A	透明平板玻璃製造
BDA6	膠合安全玻璃製造
C0A3	壓花平板玻璃製造
C2F9	雙層玻璃製造
C3E8	鏡板玻璃製造
C573	彎曲玻璃製造
ACC1	玻璃壺製造
ACC1	玻璃罐製造
ACC1	玻璃盆製造
ACC1	玻璃杯製造
ACC1	玻璃碟製造
ACC1	玻璃碗製造
ACC1	玻璃缸製造
ACC1	玻璃瓶製造
ACC1	玻璃盤製造
ACC1	玻璃纖維製造
ACC1	玻璃纖維絲製造
ACC1	玻璃纖維紗製造
ACC1	玻璃纖維紗束製造
ACC1	玻璃管製造
ACC1	玻璃磚製造
ACC1	玻璃棒製造
ACC1	玻璃屏風製造
ACC1	玻璃擺飾製造
ACC1	玻璃馬賽克製造
ACC1	玻璃絕緣體製造
B3B3	陶瓷釉玻璃製造
B557	琺瑯釉玻璃製造
B971	電器玻璃製造
C4C1	鐘錶玻璃製造
A4A3	不定型耐火材料製造
A958	坩堝製造
AB4F	保溫磚製造
AD40	耐火磚製造
AD40	耐火泥製造
AD40	耐火石灰製造
AD40	耐火纖維製造
BAD2	碳化矽磚製造
C25F	斷熱磚製造
A467	土磚製造
A5D5	白灰磚製造
A661	地磚製造
A9DF	拋光石英磚製造
AB70	厚瓦製造
ABF7	拼花瓷磚製造
ACF5	紅磚製造
ACF5	紅鋼磚燒製
ADB1	面磚製造
ADB8	飛簷瓦製造
AF5B	琉璃磚瓦製造
B16D	彩磚燒製
B16D	彩瓦燒製
B2A1	瓷磚製造
B3B3	陶瓷面磚製造
B6A5	階磚製造
B956	釉面瓷磚製造
C1A1	薄瓦製造
C248	黏土導管燒製
AFC0	素瓷衛浴設備燒製
B2A1	瓷痰盂燒製
B2A1	瓷面盆燒製
B2A1	瓷浴缸燒製
B2A1	瓷手巾架燒製
B2A1	瓷盥洗台燒製
B2A1	瓷抽水馬桶燒製
B2A1	瓷水龍頭把柄燒製
B37A	透光瓷衛浴設備燒製
A475	工業用陶瓷製品燒製
ACEC	科學用陶瓷製品燒製
B2A1	瓷酒瓶燒製
B3B3	陶水缸燒製
B3B3	陶瓷餐具燒製
B3B3	陶瓷雕像燒製
B3B3	陶瓷家具燒製
B3B3	陶瓷裝飾品燒製
A452	卜特蘭水泥製造
A4F4	水泥熟料製造
A4F4	水硬性水泥製造
A4F5	火山灰水泥製造
A5D5	白水泥製造
AA6F	油井水泥製造
AABF	矽質水泥製造
ADB8	飛灰水泥製造
B0AA	高爐水泥製造
B0AA	高鋁水泥製造
B0AA	高度抗硫酸鹽水泥製造
B977	預拌混凝土
A4F4	水泥樑製造
A4F4	水泥磚製造
A4F4	水泥瓦製造
A4F4	水泥橋段製造
A4F4	水泥浴盆製造
A4F4	水泥垃圾桶製造
A4F4	水泥空心磚製造
A55B	加石棉水泥製品製造
B256	混凝土板製造
B256	混凝土柱製造
B256	混凝土管製造
B256	混凝土樑製造
B256	混凝土磚製造
B256	混凝土邊石製造
B256	混凝土枕木製造
B977	預力混凝土管製造
B977	預力混凝土電桿製造
B977	預力混凝土基樁製造
B977	預鑄混凝土人孔、手孔製造
B977	預鑄混凝土隧道弓型支堡製造
BFFB	鋼筋水泥製品製造
C5D6	纖維強化水泥板製造
A46A	大理石製品製造
A5DB	石碑製造
A5DB	石磨製造
A5DB	石器物製造
A5DB	石雕刻製造
A5DB	石材家具製造
A5DB	石材工藝品製造
A5DB	石材建築材料製造
AE78	庭院石雕製造
BE51	鋪地石板製造
BE51	鋪砌塊石製造
A448	人造磨石製造
A448	人造磨輪製造
A4D1	天然磨石製造
A4D1	天然磨輪製造
A5DB	石榴石紙製造
A5DB	石榴石布製造
AAF7	金鋼砂製造
AAF7	金鋼砂布製造
AAF7	金鋼砂紙製造
AAF7	金鋼砂紙板製造
ACE2	砂紙製造
ACE2	砂輪製造
ACE2	砂布製造
AF42	浮石粉製造
AF42	浮石布製造
AF42	浮石紙製造
B2D3	細磨粉製造
B577	硬料製造
B577	硬白堊布製造
B577	硬白堊紙製造
BF69	磨光粉製造
A4F4	水硬石灰製造
A5CD	生石灰燒製
B256	混合石灰製造
BCF4	熟石灰製造
A55B	加色熟石膏製造
A5DB	石膏板製造
A5DB	石膏雕像製造
A5DB	石膏塑料製造
A6C7	灰泥石膏製造
A46A	大理石粉製造
A5DB	石棉布壓製
A5DB	石英粉製造
A5DB	石墨模製造
A5DB	石棉帶製造
A5DB	石墨磚製造
A5DB	石棉索製造
A5DB	石墨管製造
A5DB	石棉墊圈製造
A5DB	石棉織物製造
AABF	矽藻土料製造
AABF	矽酸鈣絕熱材料製造
AB44	非塑膠人造石製造
AC74	氟石粉製造
ADAB	重晶石粉製造
B0AA	高嶺土製造
B6B3	雲母棒製造
B6B3	雲母管製造
B6B3	雲母片製造
B6B3	雲母隔板製造
B6B3	雲母墊圈製造
B7C6	滑石粉製造
BAD2	碳精棒製造
C248	黏土料製造
C248	黏土擺飾製造
C377	瀝青混凝土製造
C45F	寶石粉製造
A5CD	生鐵鍊製
A658	合金鋼鍊製
A658	合金鐵鍊製
AABD	直接還原鐵鍊製
BAD2	碳素鋼鍊製
C5B1	鑄管鑄造
C5B1	鑄鐵件鑄造
C5B1	鑄鋼件鑄造
ABAC	型鋼製造
B4CE	棒鋼製造
BD4C	盤元製造
BFFB	鋼筋製造
BFFB	鋼帶製造
BFFB	鋼捲製造
BFFB	鋼片製造
BFFB	鋼軌製造
BFFB	鋼板製造
BFFB	鋼管製造
A4A3	不鏽鋼線製造
A743	低碳鋼線（鐵線）製造
BFFB	鋼線製造
BFFB	鋼纜製造
BE54	鋁精鍊
BE54	鋁合金鍊製
A641	再生鋁合金鑄造
BE54	鋁合金鑄造
BE54	鋁線製造
BE54	鋁片製造
BE54	鋁管製造
BE54	鋁箔製造
BE54	鋁板製造
BE54	鋁擠型製造
BE54	鋁條棒製造
AFA5	砲銅製造
B971	電解銅製造
BBC9	銅精鍊
BBC9	銅合金製造
AB43	青銅鑄造
B0AA	高拉力黃銅鑄造
B5B5	紫銅鑄造
B6C0	黃銅鑄造
B95D	鉛青銅鑄造
BE54	鋁青銅鑄造
BF4D	燐青銅鑄造
BBC9	銅板製造
BBC9	銅線製造
BBC9	銅管製造
BBC9	銅片製造
BBC9	銅棒製造
BBC9	銅箔製造
BBC9	銅擠型製造
BE4E	鋅鑄件製造
BE4E	鋅壓鑄件製造
BE4E	鋅合金鑄件製造
BE4E	鋅合金壓鑄件製造
C1E2	鎂鑄件鑄造
C1E2	鎂壓鑄件製造
C1E2	鎂合金鑄件鑄造
C1E2	鎂合金壓鑄件製造
AAF7	金棒製造
AAF7	金箔製造
AAF7	金錠製造
AAF7	金屬銲料製造
AAF7	金軋延及伸線
DC67	鈦棒製造
DC67	鈦管製造
B95D	鉛精鍊
B95D	鉛錠製造
B95D	鉛棒製造
B95D	鉛箔製造
B95D	鉛片製造
B960	鉑合金製造
BBC8	銀精鍊
BBC8	銀棒製造
BBC8	銀箔製造
BBC8	銀錠製造
BBC8	銀軋延及伸線
BE4E	鋅精鍊
BE4E	鋅管製造
BE4E	鋅桿製造
BE4E	鋅板製造
BE4E	鋅錠製造
BE4E	鋅片製造
BE4E	鋅棒製造
BE4E	鋅粉製造
BE4E	鋅軋延及伸線
BE5A	銲絲製造
BE5A	銲棒製造
BE5A	銲條製造
BFFC	錫精鍊
BFFC	錫錠製造
BFFC	錫箔製造
BFFC	錫軋延及伸線
C1E2	鎂板製造
C1E2	鎂桿製造
C1E2	鎂管製造
C1E2	鎂條製造
C1E2	鎂片製造
C1E2	鎂錠製造
C1E2	鎂棒製造
C1E2	鎂合金片製造
C1E2	鎂合金棒製造
C1E2	鎂合金桿製造
C1E2	鎂合金錠製造
C1E2	鎂合金板製造
C1E2	鎂合金條製造
C1E2	鎂合金管製造
C1E2	鎂合金射出成型件製造
A4C1	切鉗製造
A4C1	切刀製造
A5B4	打糊槍(填縫槍)製造
A7A8	夾具製造
A7E6	扳手製造
A7E6	扳鉗製造
A852	沖床沖頭製造
A8EF	剁刀製造
A9DE	拔釘器製造
A9F2	斧製造
AAEA	虎頭鉗製造
AE4D	套筒及套筒扳手製造
AFD2	耙製造
B0A3	除草器製造
B0C5	剪片製造
B0C5	剪刀製造
B3CE	割草器製造
B95E	鉋刀製造
BBC7	鉸鏈製造
BBD1	銑刀製造
BE53	鋤製造
BFF7	鋸類製造
C040	錐製造
C1B3	螺絲起子製造
C2EA	鎖具及鑰匙製造
C2F1	鎚斧製造
C549	鐮刀製造
C54B	鐵砧製造
C54B	鐵鏟製造
C668	鑷子製造
C670	鑽頭製造
A852	沖壓模具製造
B6EC	塑膠成型模具製造
C0A3	壓鑄模具製造
C1EB	鍛造模具製造
C5B1	鑄造模具製造
AAF7	金屬橋段製造
AAF7	金屬樑柱製造
AAF7	金屬帷牆製造
BFFB	鋼鐵架製造
BFFB	鋼結構製造
AAF7	金屬瓦製造
AAF7	金屬樓梯製造
AAF7	金屬門窗製造
AAF7	金屬欄杆製造
AAF7	金屬花管製造
AAF7	金屬門框製造
AAF7	金屬天花板製造
AAF7	金屬高架地板製造
BBB4	輕鋼架製造
A5CB	瓦斯鋼瓶製造
AAF7	金屬貯槽製造
AED6	核子反應器製造
C1E7	鍋爐製造
C1E7	鍋爐附屬裝置製造
AAF7	金屬箱製造
AAF7	金屬瓶製造
AAF7	金屬盒製造
AAF7	金屬桶製造
AAF7	金屬罐製造
AAF7	金屬筒製造
BBC9	銅鍛品製造
BE54	鋁鍛品製造
BFFB	鋼鐵鍛品製造
C1E2	鎂合金鍛品製造
AFBB	粉末冶金
A4C6	化學蒸鍍處理
AAAB	物理蒸鍍處理
AAF7	金屬製品熱處理
AB44	非鐵金屬熱處理
BEF7	機械零件熱處理
BFFB	鋼鐵熱處理
AAF7	金屬電鍍處理
AAF7	金屬鍍著處理
AAF7	金屬噴漆處理
AAF7	金屬電著塗裝處理
AAF7	金屬表面磨光處理
AAF7	金屬焊接處理
AAF7	金屬雕刻處理
AAF7	金屬裁剪處理
B076	釘製造
B1E9	梢製造
B967	鉚釘製造
B9D4	墊圈（華司）製造
C1B3	螺帽製造
C1B3	螺栓製造
C1B3	螺絲製造
C1B3	螺旋鉤製造
C1B3	螺旋圈製造
A7E1	扭彈簧製造
AA4F	板彈簧製造
BC75	彈片製造
BD4C	盤彈簧製造
C1B3	螺旋彈簧製造
A46A	大頭針製造
A8EB	刺鐵絲網製造
AAF7	金屬別針製造
AAF7	金屬籬網製造
AAF7	金屬鉤針製造
AAF7	金屬衣架製造
AAF7	金屬柵格製造
AAF7	金屬髮夾製造
AAF7	金屬珠鏈製造
AAF7	金屬絲扭製品製造
B06A	迴形針製造
B076	釘書針製造
B8CB	裝訂針製造
B9CF	圖釘製造
BFFB	鋼鐵鏈製造
C15F	縫針製造
C3EC	鏈條製造
C54B	鐵絲製品製造
33	3C產品金屬機殼製造
A5B4	打包鋼帶製造
A5C3	永久性磁鐵製造
AA5A	武器及彈藥製造
AAF7	金屬鈴製造
AAF7	金屬徽章製造
AAF7	金屬餐具製造
AAF7	金屬紡錘製造
AAF7	金屬紙夾製造
AAF7	金屬瓶蓋製造
AAF7	金屬鐐銬製造
AAF7	金屬亮片製造
AAF7	金屬鞋楦製造
AAF7	金屬軟管製造
AAF7	金屬把手製造
AAF7	金屬馬具製造
AAF7	金屬溜槽製造
AAF7	金屬螺槳製造
AAF7	金屬掛鉤製造
AAF7	金屬滑輪製造
AAF7	金屬通氣口製造
AAF7	金屬灌溉管製造
AAF7	金屬散熱片製造
AAF7	金屬煙灰缸、碟製造
AAF7	金屬浴缸及臉盆製造
AB4F	保險箱製造
B2BE	移動式金屬梯製造
B2EE	船錨製造
B95D	鉛字鑄製
B971	電焊條製造
BFE1	蹄鐵製造
BFFB	鋼盔製造
C3F6	關門器製造
C4B5	警鐘製造
C54B	鐵皮通風管製造
C54B	鐵皮導水管製造
C5E9	體育用槍及彈藥製造
A5FA	光罩製造
A641	再生晶圓製造
B04F	記憶體製造
BD55	磊晶矽晶圓製造
BF6E	積體電路（IC）製造
A447	二極體製造
A4C0	分離式元件專用導線架製造
B968	閘流體製造
B971	電晶體製造
BF6E	積體電路引腳架製造
A562	半導體測試封裝
B4B9	晶圓封裝
BF6E	積體電路（IC）測試封裝
B971	電子用變壓器製造
B971	電子用繼電器製造
B971	電子用電感器製造
B971	電子用電阻器製造
B971	電子用電容器製造
B971	電子用變阻器製造
B971	電子用電阻裝置製造
B971	電子用突波吸收器製造
A64C	印刷電路板製造
A64C	印刷電路銅箔基板製造
AD49	背光模組製造
B16D	彩色濾光片製造
B247	液晶面板製造
A6B3	有機發光二極體(OLED)製造
B56F	發光二極體（LED）封裝
B56F	發光二極體（LED）製造
B56F	發光二極體（LED）晶粒製造
B56F	發光二極體（LED）模組製造
B56F	發光二極體（LED）磊晶片製造
A4D3	太陽能板製造
A4D3	太陽能電池製造
A4D3	太陽能矽晶片製造
A4D3	太陽能電池模組製造
AEF1	氧化銦鍚（ITO）導電玻璃製造
B0BE	偏光板製造
B970	雷射二極體（LD）製造
B971	電子紙製造
B971	電漿面板製造
C4B2	觸控面板製造
A4B6	介面卡製造
A544	主機卡製造
ADB5	音效卡製造
B04F	記憶體模組製造
B1B1	控制卡製造
B5F8	視訊卡製造
B9CF	圖形卡製造
BAF4	網路卡製造
A5DB	石英振盪器製造
AC4D	映像管製造
AF75	真空管製造
B0DB	唱機頭製造
B371	通訊微波元件製造
B3B1	陰極射線管製造
B4BC	智慧卡（IC卡、SIM卡）製造
B971	電子標籤基本元件製造
B971	電磁閥製造
B971	電子管製造
B971	電子連接線製造
B971	電子轉換器製造
B971	電子整流器製造
B971	電子連接器製造
BACF	磁控管製造
BFFD	錄影頭製造
C26F	濾波器製造
A46A	大型主機製造
A475	工業電腦製造
A4E2	手提式電腦製造
A5AD	平板電腦製造
A6F8	伺服器製造
ADD3	個人電腦製造
ADD3	個人數位助理器（PDA）製造
B5A7	筆記型電腦製造
B74C	微型電腦製造
B8EA	資料微處理機製造
B971	電腦製造
B971	電子字典製造
B247	液晶顯示器製造
B2D7	終端機製造
B3B1	陰極射線管顯示器製造
B971	電漿顯示器製造
A569	可程式元件燒錄器製造
A5CD	生物辨識裝置製造
A5FA	光筆製造
A5FA	光碟機製造
A5FA	光碟燒錄器製造
A64C	印表機製造
A668	多功能事務機製造
A6DB	自動櫃員機（ATM）製造
A8EA	刷卡機製造
B1F8	條碼閱讀機製造
B7C6	滑鼠製造
B971	電子筆製造
B971	電子白板製造
B971	電腦控制桿裝置製造
BACF	磁碟機製造
BC76	影像掃描器製造
BCC6	數位板製造
BCC6	數位投影機製造
C048	隨身碟製造
C1E4	鍵盤製造
C3B8	繪圖機製造
C5AA	讀卡機製造
A4E2	手機製造
A6B3	有線對講機製造
A6B3	有線電話機製造
B54C	無線電話設備製造
B971	電話答錄機製造
A4D1	天線製造
A8AE	車用防盜器製造
A8BE	防盜防災系統設備製造
A949	呼叫器製造
B54C	無線電報機製造
B54C	無線電接收機製造
B54C	無線電報設備製造
B5F8	視訊傳輸設備製造
B6B0	集線器製造
B6C7	傳真機製造
B8F4	路由器製造
B968	閘道器製造
B971	電眼製造
B971	電子警報器製造
B971	電報傳真機製造
B971	電話交換機製造
B971	電視傳播專用攝影機製造
BACA	監視攝影機製造
BAF4	網路連接器製造
BBBB	遙控設備製造
BCC6	數據機製造
BCC6	數位電視接收器製造
BDC3	衛星通訊設備製造
BEF4	橋接器製造
A569	可攜式多媒體播放器（PMP）製造
A5FA	光碟錄放影機製造
A6AC	收音機製造
A6D5	耳機製造
A6E6	行車記錄器製造
ADB5	音響設備製造
AE61	家用攝影機製造
AE61	家庭劇院視聽設備製造
B3C1	麥克風製造
B4AD	揚聲器製造
B970	雷射碟影機製造
B971	電視機製造
B971	電唱機製造
B971	電子遊樂器（可更換軟體）製造
BC76	影音光碟機製造
BDD5	調諧器製造
BFFD	錄音機製造
BFFD	錄影機製造
BFFD	錄放影機製造
C249	點唱機製造
C258	擴音器製造
C258	擴大器製造
AAC5	空白唱片製造
AAC5	空白磁碟製造
AAC5	空白磁帶製造
AAC5	空白磁片製造
AAC5	空白錄影帶製造
AAC5	空白光碟片製造
AAC5	空白錄音帶製造
BACF	磁條卡製造
A475	工業校準工具製造
A475	工業製程變數控制儀器及裝置製造
A4F4	水表製造
A562	半導體測試儀器製造
A5CB	瓦斯表製造
A677	安全衛生檢測儀器製造
A6DB	自動測試儀器製造
A6DB	自動收票設備製造
A8AE	車速感應器製造
A977	定溫器製造
AB48	信號產生、分析與處理儀器製造
AD70	計量器製造
AD70	計程車錶製造
ADB8	飛行記錄器製造
AFE8	航空器專用儀器製造
B4BC	智慧電表製造
B54C	無線電導航儀製造
B671	量測儀器製造
B970	雷達系統設備製造
B971	電波測深器製造
B9EA	實驗室專用分析儀器及系統設備製造
BB73	製程檢測設備製造
BCC6	數值控制操作器製造
BDC3	衛星導航系統（GPS）設備製造
BDC3	衛星導航系統（GPS）軌跡影像記錄器製造
BEF7	機動車輛儀表製造
C0CB	檢驗平台製造
C0F4	環境檢測儀器製造
C0F4	環境自動控制及調節裝置製造
C16E	聲納設備製造
AD70	計時器製造
B0B1	停車計時器製造
B971	電子鐘錶製造
BEF7	機械鐘錶製造
C4C1	鐘錶零件製造
A4DF	心律調節器製造
A4DF	心電圖掃描器製造
A5BF	正子放射斷層（PET）掃描儀製造
A6E5	血液分析儀製造
A9F1	放射線治療儀器設備製造
ADB9	食品殺菌輻射設備製造
B0AA	高震波碎石裝置製造
B970	雷射設備製造
B971	電子助聽器製造
B971	電子醫學內視鏡設備製造
B971	電腦斷層（CT）掃描儀製造
BACF	磁共振造影（MRI）設備製造
C2E5	醫療影像儲存傳輸系統設備製造
C2E5	醫學用X光機製造
C2E5	醫學用超音波設備製造
ACDB	相機鏡頭製造
B7D3	照相機製造
BCC6	數位照相機製造
A454	三錂鏡片製造
A4DB	幻燈機製造
A4DB	幻燈片放映機製造
A5FA	光學鏡子製造
A5FA	光學投影機製造
A5FA	光學測高器製造
A5FA	光學比較儀製造
A5FA	光學量測設備製造
A5FA	光學反射鏡片製造
A5FA	光學放大儀器製造
A5FA	光學槍械瞄準設備製造
A8BE	防空搜索鏡製造
A9F1	放映鏡頭製造
A9F1	放大鏡片製造
AAF9	門眼製造
B0BE	偏光鏡片製造
B1E6	望遠鏡製造
B37A	透鏡片製造
B5D9	菱鏡製造
B971	電影放映機製造
BACB	瞄準鏡製造
BCE7	潛望鏡製造
C26F	濾鏡片製造
C36E	曝光計製造
C3E8	鏡片磨光
C3E8	鏡片度膜
C5E3	顯微鏡製造
C65B	觀劇鏡片製造
C65E	鑲嵌鏡片
A46A	大電流控制開關製造
A4D3	太陽能發電系統設備製造
AB4F	保險絲製造
ADB7	風力發電系統設備製造
ADB8	飛機電力設備製造
B05F	起動器製造
B074	配電盤製造
B074	配電設備製造
B2EE	船舶電力設備製造
B56F	發電機製造
B56F	發電器材製造
B7D3	照明用安定器製造
B971	電樞製造
B971	電動機製造
B971	電力控制盤製造
B971	電磁制動器製造
B971	電力用感應器製造
B971	電力用變壓器製造
BD75	線路切斷器製造
BFE9	輸電設備製造
C54B	鐵路電力設備製造
A552	充電式鹼性電池製造
A8AE	車用電池製造
ADEC	原電池製造
B0AE	乾電池製造
B95D	鉛酸電池製造
B971	電槽製造
B971	電力用蓄電池製造
BB57	蓄電池極板製造
BE59	鋰電池製造
C0E3	濕電池製造
C2EC	鎳氫電池製造
C2EC	鎳鎘電池製造
A5FA	光纖光纜製造
B371	通信電纜製造
B373	連接線製造
B6EC	塑膠電線電纜製造
B96A	隔離線製造
B971	電子線製造
B971	電源線製造
B971	電力電纜製造
BAA3	漆包線製造
BB72	裸銅線製造
BE54	鋁電纜製造
BEF3	橡膠電線電纜製造
BFFC	錫鋁銅線製造
C1E1	鍍錫銅線製造
AC5B	架線五金器具製造
B074	配線用固定燈座製造
B1B5	接線盒製造
B1B5	接地短路保護裝置（GFCI）製造
B67D	開關箱製造
B6C7	傳輸桿製造
B6EC	塑膠製非載電配線器材製造
B971	電鍵製造
B971	電插座製造
B971	電線開關製造
B971	電力連接器製造
B971	電力匯流排製造
B971	電線導管及配件製造
BD75	線圈製造
C1D7	避雷器製造
C54B	鐵心製造
A4F4	水銀燈管製造
A4F4	水銀燈泡製造
A74E	冷陰極燈管製造
A8AE	車用燈管製造
A8AE	車用燈泡製造
B3BF	鹵素燈管製造
B3BF	鹵素燈泡製造
B56F	發光二極體（LED）燈管製造
B56F	發光二極體（LED）燈泡製造
B971	電燈管製造
B971	電燈泡製造
BFC3	螢光燈泡製造
BFC3	螢光燈管製造
C04F	霓虹燈管製造
C04F	霓虹燈泡製造
A441	乙炔燈製造
A475	工作燈製造
A4D3	太陽能照明燈具製造
A4E2	手電筒製造
A651	吊燈製造
ABFC	指示燈製造
ACFC	美術燈製造
B07B	閃光燈製造
B56F	發光二極體（LED）燈具製造
B7D1	煤油燈製造
B7D1	煤氣燈製造
B874	聖誕裝飾燈製造
B944	道路照明燈具製造
BAF2	緊急照明燈製造
BB45	聚光燈製造
BC73	廣告燈製造
BFC3	螢光燈製造
C04F	霓虹燈製造
C269	檯燈製造
AE61	家用冷氣機製造
AE61	家用電除濕器製造
AE61	家用電加濕器製造
AE61	家用電冰箱製造
AE61	家用電冷藏箱製造
AE61	家用脫水機製造
AE61	家用洗衣機製造
AE61	家用烘乾機製造
AE61	家用電扇製造
AE61	家用通風機製造
A5B4	打蠟機製造
A5CB	瓦斯爐製造
A5CB	瓦斯烤箱製造
A5CB	瓦斯熱水器製造
A74B	免治馬桶座製造
A76A	吹風機製造
A76C	吸塵器製造
AA47	果汁機製造
AA47	果菜機製造
AAC5	空氣清淨機製造
ABF6	按摩椅製造
AE61	家用洗碗機製造
AE61	家用飲水機製造
AE61	家用電攪拌器製造
AF4E	烤爐類製造
AF4E	烤麵包器製造
B1C6	排油煙機製造
B74C	微波爐製造
B7D1	煤氣爐製造
B971	電毯製造
B971	電爐製造
B971	電鍋製造
B971	電壺製造
B971	電暖爐製造
B971	電鬍刀製造
B971	電熱盤製造
B971	電烤箱製造
B971	電熨斗製造
B971	電髮剪製造
B971	電磁爐製造
B971	電燉鍋製造
B971	電熱水器製造
B971	電打蛋器製造
B971	電刨冰機製造
B971	電燙髮器製造
B971	電按摩器製造
B971	電動牙刷製造
B971	電咖啡壺製造
B971	電捕昆蟲器製造
BB5D	蒸臉器製造
A4A3	不斷電設備（UPS）製造
A4BA	內燃機電力設備及其組件製造
A8E3	具連接頭之延長線製造
A954	固態電池充電器製造
B07B	閃光信號機製造
B56F	發光二極體（LED）顯示看板製造
B657	超音波洗滌機製造（實驗室及醫學用除外）
B971	電極製造
B971	電鈴製造
B971	電磁鐵製造
B971	電子記分板製造
B971	電源供應器製造
B971	電力用電容器製造
B971	電力用變流器製造
B971	電動信號設備製造
B971	電力用電阻器製造
B971	電力用換流器製造
B971	電力自動門裝置製造
B971	電力用整流裝置製造
B971	電力交通號誌設備製造
B971	電動熔接及焊接設備製造
BEC9	導電刷製造
BF55	燃料電池製造
C4B5	警報器製造
AAF7	金屬精鍊設備製造
BA75	滾軋機製造
C0A3	壓軋機製造
C0A3	壓鑄機製造
C5B1	鑄造機製造
A441	乙炔切割機製造
A475	工模搪孔機製造
A4C1	切管機製造
A6DB	自動鑽孔機製造
A753	刨床製造
A7F0	攻牙機製造
A9D4	拉床製造
A9DF	拋光機製造
AAF7	金屬銑床製造
AAF7	金屬鑽床製造
AAF7	金屬鋸床製造
AAF7	金屬車床製造
AAF7	金屬磨光機製造
B4A1	插床製造
B765	搪床製造
B765	搪磨機製造
BAEE	綜合加工或切削中心機製造
BDA3	膛線鐫刻機製造
BEA6	齒輪加工機製造
BF69	磨床製造
C04A	雕刻機製造
C1B3	螺栓機製造
C1B3	螺紋切製機製造
C1B3	螺絲製造機製造
A6F9	伸線機製造
A7E9	折床製造
A852	沖床製造
A9D4	拉製機製造
AA4F	板金機械製造
AAF7	金屬繞線機製造
ABAC	型鍛機製造
B0C5	剪床製造
B1B2	捲片機製造
B1B5	接合錘製造
B379	造模機製造
B967	鉚釘機製造
B971	電鍍機製造
BB73	製管機製造
BC75	彈簧製造機製造
BCF6	熱處理機製造
C0A3	壓床製造
C1B3	螺帽成型機製造
C1EB	鍛錘製造
C1EB	鍛造機製造
C2F9	雙向倒角機製造
C54B	鐵皮罐機製造
A46A	大豆採收機製造
A4A4	中耕機製造
A4C0	分級機製造
A5DD	禾穀收割機製造
AAE1	花生採收機製造
AC7E	洗果機製造
ADB7	風穀機製造
AFD1	耕耘機製造
B0A3	除草機製造
B0EF	堆草機製造
B1C4	採果機製造
B1C4	採棉機製造
B2E6	脫殼機製造
B4A1	插秧機製造
B848	碎土機製造
B941	農用牽引機製造
B941	農用曳引機製造
B941	農用搬運車製造
B941	農業機械配件製造
B97D	飼料混合機製造
B9E5	孵蛋器製造
BC51	噴粉機製造
BC51	噴霧機製造
BCBD	播種機製造
BE69	養蜂機製造
BEF7	機耕犁製造
BEF7	機耕耙製造
C0BD	擠乳機製造
C170	聯合收穫機製造
A5B4	打樁機製造
A5DB	石材切割機製造
A5DB	石材鑽孔機製造
A9A5	岩鑽製造
ABF5	挖土機製造
B1B4	探鑽機製造
B1B8	掘鑿機製造
B1C0	推土機製造
B256	混凝土攪拌機製造
BD56	碾礦機製造
BF76	築路機製造
BFEF	選礦機製造
C040	錐磨機製造
C0A3	壓路機製造
C0E7	營造用曳引機製造
C3EA	鏟土機製造
C677	鑿井機製造
A4F4	水果軋碎及壓榨機製造
A5A4	奶油分離器製造
A6CC	米粉機製造
A6D7	肉類加工機製造
A6DB	自動食品烘焙機製造
ADB9	食品粉碎機製造
AF4E	烤菸機製造
B14F	屠宰機製造
B6BC	飲料製造機製造
B941	農用乾燥機製造
BAEB	精米機製造
BB73	製油機製造
BB73	製茶機製造
BB73	製糖機製造
BB73	製菸機製造
BD56	碾米機製造
BF69	磨米機製造
BF7A	篩粉機製造
BF7D	糖果製造機製造
C241	鮮乳殺菌機製造
C4AA	蘆筍刨皮機製造
C4D1	麵食機製造
C643	釀酒機製造
A457	上膠機製造
A457	上漿機製造
A475	工商業用洗衣設備製造
A4A3	不織布機製造
A4F2	毛織機製造
A64C	印花機製造
AAE1	花邊機製造
AAEE	軋棉機製造
AC56	染色機製造
AE61	家用縫紉機製造
AEDE	梳棉機製造
AFBC	紡紗機製造
AFBD	紗管梭子製造
B077	針織機製造
B0B2	假撚機製造
B24D	清棉機製造
B2CA	粗紡機製造
B4D6	棉織機製造
B5B7	絲織機製造
B5F4	裁剪機製造
B76E	搖紗機製造
BA7D	漂白機製造
BAEB	精紡機製造
BAEB	精梳機製造
BB73	製鞋機製造
BCBF	撚線機製造
BCBF	撚紗機製造
BCF4	熟皮鞣製機製造
BCF4	熟皮整理機製造
BD6E	緯紗機製造
BD73	編織機製造
BF53	燙壓機製造
C0D6	氈呢整理機製造
C0D6	氈帽製造機製造
C15F	縫衣機製造
C15F	縫紉平車製造
C15F	縫紉拷克車製造
C2B4	織襪機製造
C2B4	織網機製造
C2B4	織布機製造
C2B4	織毯機製造
C2B4	織帶機製造
A4EC	木工銑床製造
A4EC	木工車床製造
A4EC	木工鑽床製造
A4EC	木工鋸床製造
A4EC	木板磨平機製造
A4EC	木工磨光機製造
A4EC	木材用液壓機製造
A658	合板機械製造
A6CB	竹加工機器製造
A753	刨皮機製造
A753	刨木機製造
B1B5	接榫機製造
BFF7	鋸木機製造
C3C3	藤加工機器製造
A4C6	化工用塔槽製造
A4C6	化工用發酵裝置製造
A4CF	反應裝置製造
A650	同位素分離器製造
AA6F	油漆製造機製造
AEBA	捏合機製造
B379	造粒機製造
B5B2	結晶裝置製造
BB73	製藥機製造
BBB7	遠心分離機製造
A4BA	內胎製造機製造
A76A	吹袋機製造
B56F	發泡機製造
B6EC	塑膠擠型機製造
B6EC	塑膠押出機製造
B6EC	塑膠袋製造機製造
B6EC	塑膠板製造機製造
B6EC	塑膠管製造機製造
B6EC	塑膠射出成型機製造
B6EC	塑膠中空成型機製造
B6EC	塑膠機械整套設備製造
B6EE	塗膠機製造
BDFC	輪胎製造機製造
BEF3	橡膠押出機製造
BEF3	橡膠帶製造機製造
BEF3	橡膠管製造機製造
BEF3	橡膠射出成型機製造
A562	半導體生產設備製造
A64C	印刷電路板生產設備製造
B247	液晶顯示器生產設備製造
B971	電子生產設備製造
A4F5	火柴機製造
A5CB	瓦楞紙製造機製造
A64C	印刷機製造
A9D4	拉鍊製造機製造
ACC1	玻璃吹製機製造
ACC1	玻璃瓶製造機製造
ACC1	玻璃纖維製造機製造
AFC8	紙板製造機製造
AFC8	紙用乾燥機製造
AFC8	紙漿製造機製造
AFC8	紙張加工機製造
AFC8	紙製品製造機製造
AFC8	紙板製品製造機製造
AFC8	紙及紙板裁切機製造
B076	釘合機製造
B1C6	排版機製造
B3B3	陶瓷製造機製造
B8CB	裝訂機製造
B95D	鉛筆製造機製造
BB73	製磚機製造
BB73	製版機製造
BB73	製刷機製造
BDA6	膠背機製造
BF4F	燈泡製造機製造
C5B1	鑄字機製造
A4BA	內燃機製造
A4BA	內燃機汽化器製造
A4BA	內燃機活塞及活塞環製造
A4BA	內燃機進氣及排氣閥製造
A4DE	引擎調速器製造
A4DE	引擎製造（汽、機車除外）
A4F4	水力渦輪機製造
AB44	非機車蒸汽引擎製造
AEF0	氣體渦輪機製造
B4F5	渦輪發電機組製造
BB5D	蒸汽機製造
BB5D	蒸汽調速器製造
BB5D	蒸汽渦輪機製造
BC51	噴射渦輪製造
C1E7	鍋爐渦輪機組製造
AEF0	氣動泵製造
AEF0	氣壓閥製造
AEF0	氣壓缸製造
AEF0	氣壓夾手製造
AEF0	氣動馬達製造
AEF0	氣壓調壓器製造
AEF0	氣壓緩衝器製造
AEF0	氣壓電磁線圈製造
AEF0	氣壓管件接頭製造
AF75	真空發生器製造
B247	液壓閥製造
B247	液壓缸製造
B247	液壓泵製造
B247	液壓夾頭製造
B247	液壓馬達製造
B247	液壓冷卻器製造
B247	液壓緩衝器製造
B247	液壓迴轉缸製造
B247	液壓潤滑器製造
B247	液壓密封件製造
B247	液壓電磁線圈製造
B247	液壓動力單元製造
B247	液壓管件接頭製造
A4A4	中間閥製造
A4EE	止回閥製造
A4F4	水龍頭製造
A4F4	水面儀器閥製造
A5B4	打氣筒製造
A5CB	瓦斯壓力調整器製造
A8A4	角閥製造
ACA1	活閥製造
ACA1	活栓製造
AEF0	氣體壓縮機製造
AF75	真空泵浦製造
B077	針閥製造
B0B1	停止閥製造
B247	液體用泵製造
B279	球閥製造
B279	球塞閥製造
B7C0	滅火噴口製造
B968	閘閥製造
B9AA	鼓風機製造
BDBA	蝶閥製造
A559	凸輪製造
A5D6	皮帶輪製造
A6B1	曲柄軸製造
ADB8	飛輪製造
AEC9	時規皮帶製造
B0BE	偏心軸製造
B662	軸承製造
B662	軸承蓋製造
B6C7	傳動軸製造
B7C6	滑輪製造
B7D9	煞車器製造
BA75	滾珠製造
BA75	滾針製造
BC57	增減齒輪組製造
BD75	線性滑軌製造
BEA6	齒輪製造
BEF7	機械軸封製造
BEF7	機械槓桿製造
C170	聯軸器製造
C170	聯軸節製造
C2F7	離合器製造
C5DC	變速機製造
A464	千斤頂製造
A4C9	升降機製造
A651	吊車製造
A6AB	托板車製造
AEF0	氣動輸送管製造
B05F	起重機製造
B0EF	堆高機製造
B5B1	絞車製造
B7C6	滑車製造
B971	電梯製造
BEF7	機械式立體停車裝置製造
BFE9	輸送機製造
A4C1	切紙機製造
A4E4	支票機製造
A4E9	日期機製造
A5B4	打孔機製造
A5B4	打字機製造
A64C	印壓機製造
A661	地址機製造
A6AC	收銀機製造
AB48	信件蓋印機製造
ABCA	封信機製造
AD70	計算機製造
B076	釘書機製造
B848	碎紙機製造
B8B9	號碼機製造
B95D	鉛筆刨機製造
BC76	影印機製造
BCC6	數鈔機製造
C249	點字機製造
A467	土壤污染防治設備製造
A4F4	水污染防治設備製造
A6C3	污水處理設備製造
AAC5	空氣污染防制設備製造
AEB6	振動防制設備製造
B6B0	集塵設備製造
B8EA	資源回收物處理設備製造
BC6F	廢水處理設備製造
BC6F	廢棄物處理設備製造
BEB8	噪音防制設備製造
A4E2	手提氣鑽製造
A4E2	手提電鋸製造
A4E2	手提電剪製造
A4E2	手提電鑽製造
A4E2	手提氣動剪製造
A4E2	手提氣動起子製造
A4E2	手提電動起子製造
A4E2	手提氣動磨輪機製造
A4E2	手提電動研磨機製造
A4E2	手提氣動打釘機製造
A4E2	手提電動拋光機製造
A4E2	手提氣動研磨機製造
A4E2	手提電動磨輪機製造
A4E2	手提氣動鉚釘機製造
A4E2	手提氣動拋光機製造
A4E2	手提氣動套筒扳手製造
A475	工業用爐製造
A475	工業用電扇製造
A475	工業用冷凍空調設備製造
A4D3	太陽能熱水器（系統）製造
A55D	包裝機及打包機製造
A6DB	自動販賣機製造
A854	汽車冷氣系統製造
A9E2	抽風機製造
AA6F	油槍製造
AB44	非家用飲水設備製造
AB44	非電動熔接及焊接設備製造
AD70	計數秤製造
AEF0	氣體產生器製造
AEF8	消防設備製造
B160	常用天平製造
B247	液體過濾或淨化設備製造
B4B2	散熱器製造
B7C0	滅火器製造
B7C6	滑油槍製造
BB5D	蒸氣清潔機製造
BB5D	蒸餾或精餾設備製造
BC51	噴槍製造
BC51	噴砂機製造
BC51	噴漆機製造
BCD0	標籤機製造
BCF6	熱交換器製造
BD53	磅秤或地磅製造
A564	卡車製造
A6B2	曳引車製造
A854	汽車引擎製造
ABC8	客車製造
ABC8	客貨兩用車製造
AF53	特種車輛製造
B0AA	高爾夫球車製造
B1BD	掃街車製造
B366	貨車製造
B656	越野車製造
B8CB	裝有引擎之車身底盤製造
B942	運鈔車製造
B971	電動汽車製造
B977	預拌混凝土車製造
A562	半拖車製造
A8AE	車體製造
A9EC	拖車製造
B366	貨櫃製造
A854	汽車車軸製造
A854	汽車齒輪製造
A854	汽車車架製造
A854	汽車車門製造
A854	汽車輪圈製造
A854	汽車燈座製造
A854	汽車座椅製造
A854	汽車踏板製造
A854	汽車水箱製造
A854	汽車雨刷製造
A854	汽車發電機製造
A854	汽車離合器製造
A854	汽車齒輪箱製造
A854	汽車安全帶製造
A854	汽車輪圈蓋製造
A854	汽車保險桿製造
A854	汽車排氣管製造
A854	汽車濾清器製造
A854	汽車散熱器製造
A854	汽車火星塞製造
A854	汽車差速器製造
A854	汽車後照鏡製造
A854	汽車方向盤製造
A854	汽車煞車器製造
A854	汽車化油器製造
A854	汽車消音器製造
A854	汽車懸置系統製造
A854	汽車電力系統製造
A854	汽車制動系統製造
A854	汽車安全氣囊製造
A854	汽車潤滑系統製造
A854	汽車轉向系統製造
A854	汽車萬能聯桿製造
A854	汽車傳動系統製造
A854	汽車懸吊避震器製造
A854	汽車變速齒輪系統製造
A46A	大平底船製造
A470	小艇製造
A470	小帆船製造
A475	工廠船製造
A475	工作船製造
A4F4	水翼船製造
A4F4	水上摩托車製造
A4F4	水域輸氣系統設備製造
A4F4	水域輸油系統設備製造
A552	充氣船製造
A5BC	未具船型載具製造
A645	划艇製造
A645	划槳船製造
A67C	帆船製造
A9EC	拖船製造
AA6F	油輪製造
ABC8	客船製造
ACE3	研究船製造
AD51	舢板製造
AD78	軍警用艦艇製造
AEF0	氣墊船製造
AF42	浮筒製造
AF42	浮舟製造
AF42	浮橋製造
AF42	浮塢製造
AF42	浮式碼頭製造
AF42	浮式船塢製造
AF42	浮式儲槽製造
AF42	浮標製造（釣具用除外）
B05F	起重船製造
B0D3	商船製造
B1CF	救生艇製造
B2EE	船用舵機製造
B2EE	船用甲板機械製造
B2EE	船用舷窗及水密門製造
B366	貨輪製造
B4E7	渡船製造
B943	遊艇製造
B971	電動船製造
BAAE	漁船製造
BBE9	駁船製造
BCE7	潛水箱製造
BF57	獨木舟製造
C670	鑽油井平台製造
A447	二輪機車製造
A454	三輪機車製造
B971	電動機車製造
BEF7	機車引擎製造
C3E4	邊車製造
BEF7	機車後照鏡製造
BEF7	機車電力系統製造
BEF7	機車曲軸製造
BEF7	機車汽缸製造
BEF7	機車輪圈製造
BEF7	機車排氣管製造
BEF7	機車煞車器製造
BEF7	機車離合器製造
BEF7	機車齒輪箱製造
BEF7	機車啟動馬達製造
BEF7	機車制動系統製造
A6DB	自行車製造
B656	越野自行車製造
B971	電動自行車製造
C476	競賽用自行車製造
A6DB	自行車電力系統製造
A6DB	自行車輪圈製造
A6DB	自行車飛輪製造
A6DB	自行車鏈條製造
A6DB	自行車前叉製造
A6DB	自行車花鼓製造
A6DB	自行車踏板製造
A6DB	自行車車架製造
A6DB	自行車座墊製造
A6DB	自行車擋泥板製造
A6DB	自行車變速器製造
A6DB	自行車剎車器製造
A6DB	自行車曲柄齒盤製造
A6DB	自行車座管及手把管製造
A6DB	自行車石棉剎車來令製造
A448	人力車製造
A454	三輪車製造
A4E2	手推車製造
A6E6	行李推車製造
A954	固定翼飛機製造
AD78	軍用戰鬥車輛製造
AD79	軌道電力機車製造
AD79	軌道蒸汽機車製造
AD79	軌道車輛車輪製造
AD79	軌道車輛車架製造
AD79	軌道柴電機車製造
AD79	軌道車輛配件組合
AD79	軌道車輛車軸製造
AD79	軌道車輛緩衝器製造
AD79	軌道車輛轉向架製造
AD79	軌道車輛聯結器製造
AD79	軌道車輛氣軔裝置製造
ADB8	飛行模擬器製造
ADB8	飛艇製造
ADB8	飛船製造
AF62	畜力車製造
AFE8	航空熱氣球製造
AFE8	航空螺旋槳製造
AFE8	航空活塞式發動機製造
AFE8	航空渦輪式發動機製造
B05F	起落架製造
B1DB	旋翼飛機製造
B7C6	滑翔機製造
B7C6	滑翔翼製造
B971	電動代步車製造
BDC3	衛星製造
BDFC	輪椅製造
BED4	戰車模擬器製造
C0A6	嬰兒車製造
C1CA	購物車製造
C471	礦車製造
C66C	纜車製造
A4EC	木椅製造
A4EC	木床製造
A4EC	木台製造
A4EC	木凳製造
A4EC	木桌製造
A4EC	木櫥製造
A4EC	木几製造
A4EC	木櫃製造
A4EC	木衣箱製造
A4EC	木書架製造
A4EC	木置物架製造
A4EC	木掛衣架製造
A4EC	木行軍床架製造
A4EC	木雕花桌面製造
A4EC	木、竹、藤材製家具表面塗裝
A6B1	曲木家具製造
A6CB	竹床製造
A6CB	竹椅製造
A6CB	竹凳製造
BC68	層竹家具製造
C3C3	藤床製造
C3C3	藤椅製造
C3C3	藤搖籃製造
C3C3	藤屏風製造
AB44	非金屬家具表面塗裝（木、竹、藤材製家具除外）
ACC1	玻璃纖維強化塑膠家具製造
AFC8	紙纖家具製造
B6EC	塑膠家具製造
AAF7	金屬椅製造
AAF7	金屬架製造
AAF7	金屬櫃製造
AAF7	金屬桌製造
AAF7	金屬床製造
AAF7	金屬台製造
AAF7	金屬防震桌製造
AAF7	金屬家具表面塗裝
AAF7	金屬廚台、流理台製造
BC75	彈簧床墊製造
C05C	餐廳用食品推車製造
A642	冰上曲棍球製造
A6B1	曲棍球桿及球製造
A6D0	羽毛球拍及球製造
A6E8	西洋劍製造
A846	沙包製造
A8AC	足球及網製造
AABD	直排輪製造
AB4F	保齡球及球瓶製造
ADB8	飛鏢靶製造
AE67	射擊靶製造
AEE0	桌球拍、球、桌及網製造
B0A8	馬球製造
B0AA	高爾夫球、桿製造
B0B7	健身器材製造
B0D7	啞鈴製造
B1C6	排球及網製造
B3A8	釣具製造
B4CE	棒球及壘球製造
B56E	登山用品製造
B5EC	蛙鞋製造
B65D	跑步機製造
B7C6	滑雪板製造
B7C6	滑水板及浮板製造
B7C8	溜冰鞋製造
B942	運動帽製造
B942	運動手套製造
B942	運動訓練機製造
B95D	鉛球製造
BAF4	網球拍、球及網製造
BCB2	撞球桿、桌及球製造
BCD0	標槍製造
BCE7	潛水器材製造
BD62	箭及箭靶製造
BDC4	衝浪板製造
BEF1	橄欖球製造
C17C	舉重床製造
C3EC	鏈球製造
C478	籃球及網製造
C54B	鐵餅製造
C5E9	體操器材製造
A6E8	西洋棋製造
A76A	吹氣玩具製造
A7E8	扯鈴製造
A7EB	投幣式電動遊戲機製造
AAB1	玩偶製造
AAB1	玩具船製造
AAB1	玩具動物製造
AAB1	玩具飛機製造
AAB1	玩具車輛製造
AAB1	玩具樂器製造
AAB1	玩具氣球製造
AAB1	玩具武器製造
AAB1	玩偶衣服及其配件製造
AAFB	陀螺製造
AF71	益智玩具製造
AFC8	紙牌製造
B3C2	麻將牌製造
B3F2	圍棋製造
B3F2	圍棋盤製造
B550	牌九製造
B648	象棋製造
B6F1	填充玩偶製造
B7B7	毽子製造
B971	電子玩具製造
B971	電動玩具製造
B971	電子遊戲器（不可更換軟體）製造
BBBB	遙控玩具製造
BBEB	骰子製造
BCD2	模型玩具製造
C34D	騎乘玩具製造
C55D	魔術方塊製造
A470	小提琴製造
A5B4	打擊樂器製造
A64E	吉他製造
A977	定音器製造
A9B6	弦樂器製造
B3B3	陶笛製造
B860	節拍器製造
B971	電子樂器製造
BADE	管樂器製造
BCD6	樂譜架製造
BCD6	樂器用弦製造
BDD5	調音器製造
BFFB	鋼琴製造
C1E4	鍵盤樂器製造
C2AE	簧樂器製造
A4E5	文具盒製造
A4F2	毛筆製造
A64C	印臺製造
ACB4	炭筆製造
ACFC	美術用具製造
ADD7	修正液製造
ADEC	原子筆製造
AED1	書畫板製造
AFBB	粉筆製造
B16D	彩色筆製造
B3D2	勞作用品製造
B565	畫筆製造
B578	硯製造
B5A7	筆尖製造
B6C2	黑板製造
B95D	鉛筆製造
B95D	鉛筆芯製造
BAE2	算盤製造
BEA5	墨製造
BEF3	橡皮擦製造
BFFB	鋼筆製造
C3B1	簽字筆製造
C4FA	蠟筆製造
C54F	鐫筆製造
A475	工業用護目鏡製造
A4D3	太陽眼鏡製造
ADB7	風鏡製造
B2B4	眼鏡框製造
B2B4	眼鏡片製造
B871	義眼製造
BCE7	潛水眼鏡製造
C142	矯正用眼鏡製造
C1F4	隱形眼鏡製造
A448	人工關節製造
A448	人工組織製造
A448	人工器官製造
A4E2	手術台製造
A4FA	牙科用椅製造
A4FA	牙科器材製造
A4FA	牙科用黏固粉製造
A57E	外科器材製造
A6E5	血壓計製造
A755	助行器製造
AA60	注射針製造
AA60	注射器製造
AF66	病床製造
B077	針灸針製造
B0B2	假牙製造
B3C2	麻醉器製造
B4A1	插管製造
B4D3	植牙植體製造
B871	義肢製造
BEA6	齒模製造
BEC9	導尿管製造
BEE1	擔架製造
BFE9	輸血設備製造
C1D7	避孕器材製造
C2E5	醫療用黏性膠帶製造
C2E5	醫學及實驗室用消毒器製造
C2E5	醫學及實驗室用超音波洗滌機製造
C37E	獸醫器材製造
C5A5	聽診器製造
C5E9	體溫計製造
A448	人造珠寶製造
AAF7	金屬錶帶製造
AAF7	金屬飾物製造
AF5D	珠寶製品製造
B651	貴金屬製品製造
B651	貴金屬刀具製造
BFFA	錢幣鑄造
A9D4	拉鍊製造
B673	鈕扣製造
A448	人造花製造
A448	人造毛髮製造
A448	人體模型製造
A448	人造木炭製造
A448	人造聖誕樹製造
A4F2	毛髮製品製造
A4FB	牛角製飾物製造
A4FB	牛角製小件什物製造
A5B4	打火機製造
A5D2	甲殼製飾物製造
A5D2	甲殼製小件什物製造
A64C	印章製造
A661	地球儀製造
A677	安全帽製造
A677	安全帶製造
A6D0	羽毛製品製造
A8A9	貝殼製飾物製造
A8A9	貝殼製小件什物製造
A8BE	防火衣製造
A8BE	防毒面具製造
A8EA	刷子製造
AA47	果核製飾物製造
AA47	果核製小件什物製造
AB4F	保溫容器製造
ADBB	香包製造
AE63	宮燈製造
AEB0	扇子製造
AEDE	梳子製造
AFC8	紙傘製造
B0A9	骨製飾物製造
B0A9	骨製小件什物製造
B0CA	動植物標本製造
B1BD	掃帚製造
B2BD	祭祀用香製造
B3CA	傘製造
B4C3	棺柩製造
B5F4	裁縫粉土製造
B648	象牙飾物製造
BDC6	複合材質手杖（非醫療用）製造
C471	礦物標本製造
C4FA	蠟製模型製造
C540	護具製造
A475	工業製程控制設備維修
A475	工業用冷凍空調設備維修
A4C6	化工機械設備維修
A4C6	化學製品專用儲存袋修補
A4EC	木工機械設備維修
A55D	包裝機械維修
A5D6	皮革生產用機械設備維修
A5FA	光學設備維修
A64C	印刷機械設備維修
A6A8	成衣生產用機械設備維修
A6DB	自動販賣機維修
A74D	冶金機械維修
A7EB	投幣式電玩設備維修
A8C6	事務機械設備維修
AA4C	林用機械設備維修
AAF7	金屬貯槽維修
AAF7	金屬壓力容器維修
AAF7	金屬切削工具機維修
AAF7	金屬加工用機械設備維修
AB4F	保齡球道安裝
ABD7	度量衡儀器維修
AC79	流體傳動設備維修
ACA6	泵、壓縮機、活栓及活閥維修
AD79	軌道車輛維修
ADB9	食品製作用機械設備維修
ADEC	原動機維修
AFBC	紡織生產用機械設備維修
AFC8	紙漿生產用機械設備維修
AFC8	紙張製品生產用機械設備維修
AFE8	航空器維修
B074	配電機械維修
B0CA	動力手工具維修
B1C4	採礦用機械設備維修
B2EE	船舶維修
B56F	發電機械維修
B5D2	菸草製作用機械設備維修
B6BC	飲料製作用機械設備維修
B6EC	塑膠加工用機械設備維修
B941	農用機械設備維修
B971	電子醫學設備維修
B971	電子及半導體生產用機械設備維修
BAAE	漁網修補
BB73	製鞋機械設備維修
BC74	廠房之產業用機械安裝
BCD2	模具維修
BEC9	導航設備維修
BEF3	橡膠加工用機械設備維修
BEF7	機械設備拆除服務
BEF7	機械傳動設備維修
BEF7	機械式立體停車裝置維修
BFE7	輻射設備維修
BFE9	輸電機械維修
BFE9	輸送機械設備維修
C0E7	營造用機械設備維修
C1E7	鍋爐維修
A4D3	太陽能發電
ADB7	風力發電
B074	配電
B56F	發電
BFE9	輸電
AEF0	氣體燃料之分裝及供應
A642	冰水供應
A74E	冷暖氣供應
B7C5	溫泉供應
BB5D	蒸汽供應
BCF6	熱水供應
A4F4	水再生利用
A6DB	自來水供應
AEFC	海水淡化
A455	下水道維護清理
A455	下水道系統經營
A475	工業廢水清理
A4C6	化糞池清理
A4F4	水溝清理
A4F4	水肥處理
A4F4	水肥清除
A6C3	污水處理
A6C3	污水清除
A6C3	污水坑清理
A6C3	污水管道清潔服務
A6C3	污水處理設施經營
AC79	流動廁所清潔服務
AE61	家庭污水收集清運
B1C6	排水管維護清理
B4E5	游泳池廢水清理
BC6F	廢水處理
BC6F	廢水清除
BC6F	廢水坑清理
A440	一般事業廢棄物清除
A4BD	公共場所垃圾清除
ABD8	建築廢棄物清除
AE61	家庭垃圾清除
B54C	無害廢棄物轉運站之經營
B8EA	資源回收物清除
A6B3	有害事業廢棄物清除
A6B3	有害廢棄物轉運站之經營
B0EF	堆肥處理
B54C	無害廢棄物焚化
B54C	無害廢棄物處理
B54C	無害廢棄物掩埋
A6B3	有害廢棄物熱解
A6B3	有害廢棄物焚化
A6B3	有害廢棄物熔融
A6B3	有害廢棄物固化
A6B3	有害廢棄物處理
A6B3	有害廢棄物處理設備運作
AED6	核廢料之處理及存放
A8AE	車殼粉碎
B651	貴金屬廢料回收處理
BC6F	廢鋼鐵處理
BC6F	廢塑膠粉碎
BC6F	廢輪胎粉碎
BC6F	廢五金處理
BC6F	廢車船拆解
BC6F	廢電子電器拆解
BC6F	廢乾電池回收處理
BC6F	廢照明光源回收處理
BC6F	廢資訊物品回收處理
BC6F	廢玻璃處理成碎玻璃砂
A6B3	有毒物質危害減少服務
A6C3	污染土地整治服務
A6C3	污染地下水整治服務
A6C3	污染水面消毒及清理
AA6F	油溢清理服務
AEFC	海灘清理服務
A475	工廠營建
A55B	加油站營建
A678	寺廟營建
A6ED	住宅及公寓營建
A8AE	車站營建
A9D0	房屋修繕
ABC7	室內運動場館營建
ABC7	室內娛樂場所營建
ADDC	倉庫營建
AEC8	旅館營建
AFC7	納骨塔營建
AFE8	航空站營建
B3D5	博物館營建
B549	焚化廠營建
B977	預鑄房屋營建
BC40	劇院營建
BC6F	廢棄物處理廠營建
BEC7	學校營建
BEF7	機械式停車塔營建
BFEC	辦公廳室營建
C0E7	營房營建
C2E5	醫院及療養院營建
C54B	鐵皮屋搭建
A4BD	公路保養及修護
A4BD	公路開闢及營建
A661	地下道營建
B1B6	捷運軌道營建
B1C6	排水箱涵營建
B8F4	路面舖設工程
B944	道路標示工程
BEF4	橋樑營建
C047	隧道營建
C54B	鐵路營建
A4D1	天然氣總管及長程、市區管線營建
A4F4	水庫營建
A4F4	水井鑽鑿工程
A661	地下管線工程
A6C3	污水處理廠營建
A6DB	自來水淨水場營建
A6DB	自來水總管及長程、市區管線營建
A6E6	行動通訊基地台營建
A9E2	抽水站營建
AAF8	長程、市區下水道土木工程
AAF8	長程、市區電力及電信線路工程
B4EB	渠道構建
B56F	發電廠營建
C4E9	灌溉系統營建
A4F4	水閘營建
A8BE	防洪堤營建
A8BE	防波堤營建
ABC7	室外網球場營建
ABC7	室外停車場營建
ABC7	室外運動場營建
B0AA	高爾夫球場營建
B24A	淤泥疏濬工程
B2EE	船塢營建
B3F7	堰壩營建
B4E4	港道營建
B6B0	集礦站營建
B7D2	煉油廠營建
B942	運河營建
B971	電力及電信傳送塔營建
BD58	碼頭營建
BF4F	燈塔營建
A467	土方工程
A5DB	石作工程
A9A5	岩石開鑿工程
ABCE	屋瓦舖設
ABD8	建築物拆除
ABD8	建築鋼架組立
B0F2	基礎工程
B163	帷幕牆工程
B7CF	煙囪營建及修理
B977	預拌混凝土工程
BED7	擋土支撐工程
BFFB	鋼構工程
C0E7	營建鑽探工程
C471	礦場非自辦準備作業（石油及天然氣除外）
A448	人造草皮設置
A6C0	池沼開鑿
A842	步道營建
AE78	庭園、景觀工程
B0B2	假山堆製
B3F2	圍籬營建
B6EC	塑像安置
BC51	噴泉營建
A4BD	公路號誌裝設工程
A4C9	升降機工程
A4D3	太陽能板安裝工程
A4F4	水電工程
A6DB	自動門裝修工程
AEF8	消防警報系統工程
B971	電動鐵捲門裝修工程
B971	電梯工程
B971	電扶梯工程
B971	電纜裝修工程
B971	電力線路裝修工程
B971	電話線路裝修工程
BACA	監視系統裝修工程
BEF7	機電設備維護工程
A74E	冷凍系統裝修工程
AAC5	空氣調節系統裝修工程
AEF8	消防水系統管線裝修工程
B371	通風系統裝修工程
B54C	無塵室空調系統裝修工程
B5B2	結構體內部各種配管、接管工程
B6BC	飲用水設備裝修工程
BC70	廚房管道裝修工程
BDC3	衛浴管道裝修工程
A640	共同天線工程
AE61	家用衛星接收器工程
C1D7	避雷針導線工程
A874	系統櫥櫃安裝
A8BE	防水工程
A9D0	房屋外部裝飾
AA6F	油漆粉刷工程
AAF9	門窗安裝工程
ABC7	室內地板安裝
ABC7	室內壁飾工程
ABC7	室內地毯鋪設
ABC7	室內裝潢工程
ABC7	室內壁紙張貼
ABC7	室內裝修工程
ABD8	建築物隔熱工程
ABD8	建築物隔音工程
B2A1	瓷磚黏貼工程
B5A1	窗簾安裝
A475	工作平台架設工程
A9D0	房屋遷移工程
AAFE	附操作員營造設備租賃
AC49	施工搭架吊裝工程
B05F	起重工程
BCD2	模板工程
C17B	臨時舞台架設
C64E	鷹架工程
B0D3	商品掮客
B0D3	商品經紀
BAEE	綜合商品批發
A5C9	玉米批發
A8A7	豆類批發
AAE1	花生批發
B0AA	高粱批發
B3C1	麥類批發
BAD8	種子批發
BB73	製油用子實批發
BD5C	穀類批發
BD5F	稻米批發
A4C1	切花批發
ACD6	盆栽批發
B4D3	植物批發
B6E9	園藝苗木批發
BAD8	種苗批發
A5AE	幼畜批發
A5AE	幼禽批發
AE61	家畜批發
B3BD	魚苗批發
BAD8	種禽批發
BAD8	種畜批發
C364	寵物批發
C65B	觀賞水生動物批發
A4D1	天然纖維原料批發
A5BC	未加工菸草批發
A5CD	生乳批發
A5CD	生皮批發
A5CD	生毛皮批發
AB43	青草批發
B3C2	麻批發
B4D6	棉花批發
C5FA	蠶繭批發
C646	靈芝批發
A4F4	水果批發
B2E6	脫水蔬果批發
BDAD	蔬菜批發
BE4D	醃漬蔬果批發
AE61	家禽活體批發
AF62	畜肉批發
B856	禽肉批發
A8A9	貝介類批發
B3BD	魚類批發
BDBC	蝦蟹類批發
C059	頭足類批發
C4A6	藻類批發
A74E	冷凍麵糰批發
A74E	冷凍點心批發
A74E	冷凍漢堡肉批發
A74E	冷凍調理蔬菜批發
A74E	冷凍火鍋用料批發
A74E	冷凍料理燒烤食品批發
A74E	冷凍裹麵油炸食品批發
A4FB	牛乳批發
A5A4	奶粉批發
A642	冰淇淋批發
A8C5	乳製品批發
AAE1	花生油批發
ADB9	食用油脂批發
ADB9	食用動物性油脂批發
B34A	蛋類批發
B3C2	麻油批發
B6C0	黃豆油批發
B8AA	葵花油批發
BEF1	橄欖油批發
C075	優酪乳批發
B073	酒類批發
B5D2	菸草製品批發
A854	汽水批發
A940	咖啡飲料批發
AA47	果汁批發
AFF9	茶飲料批發
C471	礦泉水批發
A569	可可批發
A6D7	肉桂批發
A8AF	辛料批發
A940	咖哩批發
A940	咖啡批發
AD4A	胡椒批發
ADBB	香料批發
AFF9	茶葉批發
A642	冰品批發
A8A7	豆腐批發
AB4F	保健食品批發
B0CA	動物飼料批發
BDD5	調味料（辛香料除外）批發
BF7C	糕餅批發
BF7D	糖果批發
C262	檳榔批發
C262	檳榔青批發
C4D1	麵粉批發
C4D1	麵食品批發
A448	人造纖維織品批發
A4F2	毛織品批發
A67C	帆布批發
AFBC	紡織紗批發
B3C2	麻織品批發
B4D6	棉織品批發
B5B7	絲織品批發
BAAE	漁網批發
A448	人造珠寶批發
A46B	女裝批發
A4BA	內衣批發
A4E2	手環批發
A4E2	手套批發
A4E2	手帕批發
A4E2	手提包批發
A5D6	皮帶批發
A5D6	皮包批發
A6D5	耳環批發
A7D9	戒指批發
A86B	男裝批發
A8EE	制服批發
AA41	服飾配件批發
AFDD	胸針批發
B0B2	假髮批發
B0CA	動物服裝批發
B0CA	動物飾品配件批發
B3F2	圍巾批發
B455	帽子批發
B4E5	游泳衣褲批發
B5A3	童裝批發
B6B5	項鍊批發
B879	腰帶批發
B942	運動服批發
BACE	睡衣批發
BBE2	領帶批發
BE76	髮飾批發
C059	頭巾批發
C0A6	嬰兒服批發
C4FB	襪子批發
A5D6	皮鞋批發
A5F0	休閒鞋批發
A9EC	拖鞋批發
B244	涼鞋批發
B942	運動鞋批發
BE63	鞋配件批發
A4BD	公事包批發
A4C6	化粧箱批發
A6E6	行李箱批發
A9D4	拉鍊批發
AB42	雨鞋批發
AB42	雨衣批發
AC76	洋傘批發
AD49	背包批發
AEC8	旅行袋批發
B077	針線批發
B673	鈕扣批發
C15F	縫紉用品批發
A569	可攜式多媒體播放器（PMP）批發
ADB5	音響批發
AE61	家電批發
AE61	家電材料批發
AE61	家庭照明器材批發
B5F8	視聽設備批發
B971	電視機批發
BFFD	錄放音機批發
BFFD	錄放影機批發
BFFD	錄放影音光碟機批發
AE61	家具（辦公室家具除外）批發
AE69	展示架批發
BC70	廚具批發（瓦斯爐、熱水器及排油煙機等除外）
A4F2	毛巾批發
A661	地毯批發
A6CA	百葉窗批發
AA45	枕頭批發
AE61	家飾品批發
AEE0	桌巾批發
AFF3	草蓆批發
B041	蚊帳批發
B351	被褥批發
B351	被套批發
B4C8	椅套批發
B5A1	窗簾批發
B9EC	寢具批發
BEC0	壁紙批發
C2B8	繡製軟匾批發
C2B8	繡製掛屏批發
C3C3	藤蓆批發
A9B3	底片批發
AE61	家用光學產品批發
AE61	家用攝影器材批發
B1E6	望遠鏡批發
B7D3	照相機批發
B7D3	照相器材批發
B2B4	眼鏡批發
B2B4	眼鏡零件批發
B971	電子錶批發
C4C1	鐘錶批發
C4C1	鐘錶零件批發
AAF7	金飾批發
AF5D	珠寶批發
B651	貴金屬製品批發
A4FA	牙粉批發
A4FA	牙膏批發
A568	去污劑批發
A658	合成洗滌劑批發
A6E7	衣物柔軟精批發
A74E	冷洗精批發
AB47	亮光劑批發
AC7E	洗衣粉批發
AC7E	洗碗精批發
AC7E	洗衣皂及皂絲批發
A440	一般爆竹煙火批發
A6E7	衣架批發
A74B	免洗餐具批發
A8EA	刷子批發
AAA4	炊具批發
AE61	家庭五金批發
AE61	家用器皿批發
AE61	家用濾水器批發
AE61	家用淨水器批發
AE61	家庭衛生用紙批發
AE61	家用瓦斯器具批發
AFC8	紙尿褲批發
AFC8	紙尿布批發
B1BD	掃帚批發
B1FE	殺蟲劑批發
B6EC	塑膠袋批發
C05C	餐具批發
C340	鞭炮批發
A448	人工水晶體批發
A4A4	中藥批發
A5CD	生藥材批發
A6E8	西藥批發
AA60	注射器批發
AFBD	紗布及繃帶批發
BEA6	齒科材料批發
C2E5	醫療耗材批發
A4C6	化粧品批發
A84E	沐浴乳批發
AC56	染髮劑批發
AC7E	洗髮精批發
AC7E	洗面皂批發
ADBB	香水批發
ADBB	香粉批發
ADBB	香皂批發
BCED	潤髮精批發
BEE3	整髮劑批發
A4E5	文具批發
AED1	書籍批發
B3F8	報紙批發
B650	賀卡批發
C2F8	雜誌批發
A6DB	自行車批發
A6DB	自行車零件批發
B3A8	釣具批發
B56E	登山鞋批發
B56E	登山用品批發
B7C8	溜冰鞋批發
B942	運動器材批發
C553	露營用品批發
C5E9	體育用品批發
AAB1	玩具批發
AE54	娛樂用品批發
B4D1	棋類用品批發
B943	遊樂器（遊戲軟體內建）批發
BC76	影音光碟批發
BCD6	樂譜批發
BCD6	樂器批發
BFFD	錄影帶批發
BFFD	錄音帶批發
A4EC	木材批發
A4EC	木門窗批發
A658	合板批發
A6CB	竹材批發
A7FC	杉皮批發
A4F4	水泥批發
A4F4	水泥製品批發
A5DB	石灰批發
A5DB	石灰製品批發
ACE2	砂石批發
B256	混凝土批發
BF6A	磚瓦批發
B64B	貼面石材批發
BACF	磁磚批發
BDC3	衛浴設備批發
B6EE	塗料批發
BAA3	漆料及光油批發
AAF7	金屬建材批發
AAF7	金屬手工具批發
ABD8	建材五金批發
B366	貨櫃屋批發
C1B3	螺絲批發
A5AD	平板玻璃批發
AABF	矽酸鈣板批發
B6EC	塑膠建材製品批發
BEF3	橡膠建材製品批發
C5D6	纖維板批發
A448	人造纖維批發
A475	工業鹽類批發
A5DB	石油化工原料批發
A658	合成樹脂批發
AACE	肥料批發
AB44	非食用動植物油脂批發
ACD6	盆栽土壤批發
B0F2	基肥批發
B0F2	基本化學材料批發
B6EC	塑膠材料批發
B7D1	煤焦油批發
BEF3	橡膠材料批發
A475	工業添加劑批發
A475	工業用塑膠膜批發
A475	工業用化學製品批發
A4C6	化學溶劑批發
AA6F	油墨批發
AC56	染料批發
ACC9	界面活性劑批發
ADB9	食用顏料批發
B14D	專業爆竹煙火批發
B5DB	著色劑批發
B941	農藥批發
B941	農用化學製品批發
C343	顏料批發
A854	汽油批發
AEE3	柴油批發
AFE8	航空燃油批發
B247	液化石油氣批發
B7D1	煤油批發
BCED	潤滑油批發
BF55	燃料油批發
A4EC	木炭批發
AED6	核能燃料批發
B54A	焦煤批發
B7D1	煤批發
B7D1	煤球批發
C17E	薪柴批發
C377	瀝青批發
A64C	印表機用碳粉匣批發
B971	電腦批發
B971	電腦套裝軟體批發
B971	電腦週邊設備批發
B971	電子遊樂器套裝軟體批發
B971	電子遊樂器（可更換遊戲軟體）批發
A562	半導體裝置批發
A64C	印刷電路板批發
AAC5	空白磁片批發
AAC5	空白錄影帶批發
AAC5	空白光碟片批發
AAC5	空白錄音帶批發
AF75	真空管批發
B371	通訊設備批發
B6C7	傳播設備批發
B74C	微晶片批發
B971	電話批發
B971	電子開關批發
B971	電子設備批發
B971	電子器材批發
B971	電腦零組件批發
BF6E	積體電路批發
A4C6	化工機械批發
A4EC	木材加工用機械批發
AAF7	金屬加工用機械批發
ABD8	建築及礦業機械批發
ADB9	食品飲料機械批發
ADEC	原動機批發
AFBC	紡織及成衣機械批發
B379	造紙印刷機械批發
B6EC	塑膠橡膠機械批發
B941	農業及園藝機械批發
BB73	製冰機械批發
BFE9	輸送機械批發
A5B4	打字機批發
A5B4	打卡機批發
A6AC	收銀機批發
AD70	計算機批發
B848	碎紙機批發
BC76	影印機批發
BC76	影印機用碳粉匣批發
BCC6	數鈔機批發
BFEC	辦公室家具批發
A4D3	太陽能熱水器（系統）批發
A4F5	火車批發
A5B4	打火機批發
A6DB	自動販賣機批發
AC7E	洗車設備批發
ACDB	相片沖洗設備批發
ACFC	美容設備批發
ACFC	美髮理髮設備批發
ADB8	飛機批發
AEF8	消防設備批發
B0D3	商業用光學儀器批發
B2EE	船艇批發
B671	量測設備批發
B6BC	飲用水設備批發
B943	遊樂園機械設備批發
B971	電力器材批發
B971	電力設備批發
B9EA	實驗設備批發
BB52	舞台音響設備批發
BB52	舞台燈光設備批發
BB57	蓄電池（非車用）批發
BDFC	輪椅批發
C2E5	醫療機械設備批發
A46A	大客車批發
A64E	吉普車批發
A854	汽車批發
A9EC	拖車批發
B1CF	救護車批發
B366	貨車批發
C553	露營車批發
B971	電動機車批發
BEF7	機車批發
A854	汽車百貨批發
A854	汽車零件批發
A854	汽車冷氣批發
A854	汽車音響批發
A854	汽車輪胎批發
A8AE	車用電池批發
BEF7	機車輪胎批發
BEF7	機車零件批發
BEF7	機車百貨批發
BEF7	機車安全帽批發
A65E	回收物料批發
BC6F	廢紙批發
BC6F	廢電池批發
BC6F	廢五金批發
BC6F	廢寶特瓶批發
A4A4	中古郵票批發
A4E2	手工藝品批發
A56A	古錢批發
A56A	古玩批發
A56A	古董批發
A5D6	皮革批發
A64C	印刷用紙批發
A976	宗教用品批發
AB44	非鐵金屬批發
ACF6	紀念品批發
AFC8	紙漿批發
AFC8	紙張批發
AFC8	紙板批發
B0F2	基本金屬批發
B3B3	陶土批發
B3E0	喪葬用品批發
C248	黏土批發
C3C0	藝術品批發
C471	礦物批發
AB4B	便利商店
AEF8	消費合作社（以食品飲料為主）
B657	超級市場
C2F8	雜貨店（以食品飲料為主）
A6CA	百貨公司
AEF8	消費合作社（非以食品飲料為主）
B973	零售式量販店
C2F8	雜貨店（非以食品飲料為主）
A4F4	水果零售
BDAD	蔬菜零售
AE61	家禽活體零售
AF62	畜肉零售
B856	禽肉零售
A8A9	貝介類零售
B3BD	魚類零售
BDBC	蝦蟹類零售
C059	頭足類零售
C4A6	藻類零售
A5CD	生藥材（青草藥）零售
A6CC	米糧零售
A6D7	肉鬆肉乾零售
A6DB	自製豆類製品零售店
A6DB	自製麵包零售店
A6DB	自製麵條零售店
A8A7	豆類製品零售
A8C5	乳製品零售
A940	咖啡零售
AB4F	保健食品零售
AFF9	茶葉零售
B073	酒類零售
B1ED	桶裝水零售
B34A	蛋類零售
B3BD	魚丸零售
B5D2	菸草製品零售
B6BC	飲料零售
BDD5	調味料零售
BDD5	調理食品零售
BF7C	糕點零售
BF7D	糖果零售
C262	檳榔零售
C4D1	麵包零售
C4D1	麵條零售
C4D1	麵食品零售
C5F8	罐頭食品零售
A448	人造纖維織品零售
A4F2	毛織品零售
A67C	帆布零售
B3C2	麻織品零售
B4D6	棉織品零售
B5B7	絲織品零售
A448	人造珠寶零售
A46B	女裝零售
A4BA	內衣零售
A4E2	手環零售
A4E2	手套零售
A4E2	手帕零售
A4E2	手提包零售
A5D6	皮包零售
A5D6	皮帶零售
A6D5	耳環零售
A7D9	戒指零售
A86B	男裝零售
A8EE	制服零售
AA41	服飾配件零售
AFDD	胸針零售
B0B2	假髮零售
B3F2	圍巾零售
B455	帽子零售
B4E5	游泳衣褲零售
B5A3	童裝零售
B6B5	項鍊零售
B879	腰帶零售
B942	運動服零售
BACE	睡衣零售
BBE2	領帶零售
BE76	髮飾零售
C059	頭巾零售
C0A6	嬰兒服零售
C4FB	襪子零售
A5D6	皮鞋零售
A5F0	休閒鞋零售
A9EC	拖鞋零售
B244	涼鞋零售
B942	運動鞋零售
BE63	鞋配件零售
A4C6	化粧箱零售
A6E6	行李箱零售
AB42	雨衣零售
AB42	雨鞋零售
AC76	洋傘零售
AD49	背包零售
AEC8	旅行袋零售
C15F	縫紉用品零售
AE61	家庭照明器材零售
AE61	家電（視聽設備除外）零售
AE61	家具零售（辦公室家具除外）
BC70	廚具零售
A4F2	毛巾零售
A661	地毯零售
A6CA	百葉窗零售
AA45	枕頭零售
AAE1	花器零售
ACDB	相框零售
AE61	家飾品零售
AEE0	桌巾零售
AFF3	草蓆零售
B041	蚊帳零售
B1BE	掛氈零售
B351	被褥零售
B351	被套零售
B4C8	椅套零售
B5A1	窗簾零售
B9EC	寢具零售
BEC0	壁紙零售
C2B8	繡製軟匾零售
C2B8	繡製掛屏零售
C3C3	藤蓆零售
B2B4	眼鏡零售
B2B4	眼鏡零件零售
B971	電子錶零售
C4C1	鐘錶零售
C4C1	鐘錶零件零售
AAF7	金飾零售
AF5D	珠寶零售
B651	貴金屬製品零售
A4FA	牙粉零售
A4FA	牙膏零售
A5B4	打字機零售
A658	合成洗滌劑零售
A8EA	刷子零售
AAA4	炊具零售
AC7E	洗衣粉零售
AC7E	洗衣皂零售
AE61	家庭五金零售
AE61	家用器皿零售
AE61	家用瓦斯器具零售
AE61	家用光學產品零售
AE61	家庭衛生用紙零售
AFC8	紙尿褲零售
AFC8	紙尿布零售
B1BD	掃帚零售
B1C6	排油煙機零售
B1E6	望遠鏡零售
B262	淨水器零售
B7D3	照相機零售
C05C	餐具零售
C26F	濾水器零售
C4E1	攝影機零售
C5E9	體重計零售
A4A4	中藥零售
A6E5	血壓計零售
A6E8	西藥零售
C2E5	醫療耗材零售
C5E9	體溫計零售
A4C6	化粧品零售
A84E	沐浴乳零售
AC56	染髮劑零售
AC7E	洗髮精零售
AC7E	洗面皂零售
ADBB	香水零售
ADBB	香粉零售
ADBB	香皂零售
BCED	潤髮精零售
BEE3	整髮劑零售
A4E5	文具零售
AED1	書籍零售
B3F8	報紙零售
B650	賀卡零售
C2F8	雜誌零售
A6DB	自行車零售
B0B7	健身用品零售
B3A8	釣具零售
B56E	登山鞋零售
B56E	登山用品零售
B7C8	溜冰鞋零售
B942	運動器材零售
C553	露營用品零售
C5E9	體育用品零售
AAB1	玩具零售
AE54	娛樂用品零售
B4D1	棋類用品零售
B943	遊樂器（遊戲軟體內建）零售
BCD6	樂器零售
BCD6	樂譜零售
AAC5	空白光碟片零售
AAC5	空白錄音帶零售
AAC5	空白錄影帶零售
BC76	影音光碟零售
BFFD	錄音帶零售
BFFD	錄影帶零售
A97E	居家修繕用品零售
AAF7	金屬手工具零售
B6EE	塗料零售
BAA3	漆料及光油零售
A55B	加氣站
A55B	加油站
A854	汽油零售
AEE3	柴油零售
A4EC	木炭零售
B1ED	桶裝瓦斯零售
B7D1	煤零售
B7D1	煤球零售
B7D1	煤油零售
BCED	潤滑油零售
BEF7	機油零售
C471	礦油行
ADD3	個人電腦零售
ADD3	個人電腦週邊設備零售
B971	電腦套裝軟體零售
B971	電子遊樂器套裝軟體零售
B971	電子遊樂器（可更換遊戲軟體）零售
B371	通訊設備零售
B971	電話零售
A569	可攜式多媒體播放器（PMP）零售
A6AC	收音機零售
ADB5	音響零售
AE61	家用視聽設備零售
B971	電視機零售
BFFD	錄放影機零售
BFFD	錄放音機零售
BFFD	錄放影音光碟機零售
A4A4	中古汽車零售
A64E	吉普車零售
A854	汽車零售
C553	露營車零售
A4A4	中古機車零售
B971	電動機車零售
BEF7	機車零售
A4A4	中古機車零件零售
A4A4	中古汽車零件零售
A854	汽車零件零售
A854	汽車冷氣零售
A854	汽車音響零售
A854	汽車輪胎零售
A854	汽車百貨零售
BEF7	機車輪胎零售
BEF7	機車零件零售
BEF7	機車百貨零售
BEF7	機車安全帽零售
A4C1	切花零售
AAE1	花盆零售
ACD6	盆栽零售
B4D3	植物零售
B6E9	園藝器具零售
B6E9	園藝苗木零售
A4D1	天珠零售
A4E2	手工藝品零售
A4F4	水晶零售
A8BE	防身用品零售
A976	宗教用品零售
ACF6	紀念品零售
B3E0	喪葬用品零售
C364	寵物零售
C364	寵物用品零售
C364	寵物食品零售
C3C0	藝品零售
C65B	觀賞水族零售
C65B	觀賞水族用品零售
A447	二手書零售
A4A4	中古藝品零售
A4A4	中古電器零售
A4A4	中古郵票零售
A4A4	中古電腦零售
A4A4	中古樂器零售
A4A4	中古家具零售
A4A4	中古衣服零售
A4A4	中古商品（汽機車及其零配件除外）零售
A56A	古董零售
A56A	古玩零售
A56A	古錢零售
ADB9	食品零售攤販
B5D2	菸草製品零售攤販
B6BC	飲料零售攤販
AA41	服裝零售攤販
AA41	服飾配件零售攤販
AFBC	紡織品零售攤販
BE63	鞋類零售攤販
AAB1	玩具零售攤販
ADB5	音樂帶零售攤販
AE61	家用器具零售攤販
AED1	書籍零售攤販
B943	遊樂器零售攤販
BC76	影片零售攤販
B66C	郵購
B971	電視購物
B971	電子購物
BAF4	網路購物
BAF4	網際網路拍賣
A668	多層次傳銷（有形商品）
B3E6	單層直銷（有形商品）
A548	以自動販賣機銷售商品
B54C	無店面零售代理
C54B	鐵路客運
C54B	鐵路貨運
A46A	大眾捷運系統客運
A4BD	公路汽車客運
A5AB	市區汽車客運
AD70	計程車客運
A5E6	交通車經營
AAFE	附駕駛之小客車租賃
B943	遊覽車客運
A854	汽車貨運
A854	汽車貨櫃貨運
AAFE	附駕駛之貨車租賃
B768	搬家運送服務
A448	人力車運輸
AAC5	空中纜車運輸
AF62	畜力車運輸
BADE	管道運輸
AEFC	海洋船舶貨運
AEFC	海釣運輸服務
AEFC	海洋船舶客運
BDE0	賞鯨豚運輸服務
A4BA	內河船舶運輸
B4F2	湖泊船舶運輸
A977	定期貨運班機經營
A977	定期客運班機經營
AAFE	附駕駛商務專機出租
AAFE	附駕駛之航空器租賃
ABC8	客運包機經營
B366	貨運包機經營
B3F8	報關服務
A54E	代辦商港手續
A54E	代辦航政手續
A54E	代辦船舶檢修手續
B2EE	船務代理
B3B0	陸路貨運承攬
B3B0	陸上行李包裹託運
C54B	鐵路貨運承攬
AEFC	海洋貨運承攬
AFE8	航空貨運承攬
A8AE	車輛保管
B0B1	停車場管理
A54E	代客驗車服務
A854	汽車拖吊
A8AE	車站管理
A8AE	車輛過磅服務
A8AE	車輛過戶服務
B0AA	高速公路電子收費服務
B3B0	陸上貨物裝卸
B944	道路管理
BEF4	橋樑管理
C047	隧道管理
AFE8	航道管理
B2EE	船塢管理
BD58	碼頭管理
BF4F	燈塔管理
A4DE	引水服務
A5B4	打撈業務經營
A740	作業船經營
A9EC	拖駁船經營
AEFC	海難救助服務
B2EE	船舶理貨
B2EE	船上貨物裝卸
B942	運河管理及維護
ADB8	飛航管制服務
AFE8	航空器拖曳
AFE8	航空器導引
AFE8	航空餐點裝卸
AFE8	航空行李裝卸
AFE8	航空情報服務
AFE8	航空貨物裝卸
AFE8	航空導航服務
AFE8	航空站站務管理
A54E	代計噸位
A5B4	打包服務
B366	貨櫃集散站經營
B366	貨物集散站經營
ADDC	倉庫經營
B0EF	堆棧經營
B4D7	棚棧經營
A74E	冷凍冷藏倉庫經營
A54E	代辦郵政業務
A55D	包裹遞送
A7D6	快捷郵件遞送
A8E7	函件遞送
A676	宅配服務
AFE8	航空快遞服務
B3B0	陸上快遞服務
A5C1	民宿
A854	汽車旅館
AB43	青年活動中心
AEC8	旅館
AEC8	旅社
B1D0	教師會館
BBAB	賓館
C65B	觀光旅館
A5F0	休旅車營地
A9DB	招待所
C553	露營區
A470	小吃店
A4E9	日本料理店
A4FB	牛排館
A6DB	自助火鍋店
A7D6	快餐店
A9DC	披薩外帶店
AB4B	便當外送店
ADB9	食堂
B374	速食店
B6BA	飯館
C05C	餐廳
C1FA	韓國烤肉店
C4D1	麵店
C54B	鐵板燒店
C54B	鐵路餐廳
A642	冰果店
A642	冰淇淋店
A74E	冷（熱）飲店
A8A7	豆花店
A940	咖啡館
AFF9	茶藝館
B6BC	飲酒店
A470	小吃攤
A7D6	快餐車
C4D1	麵攤
A6E6	行動咖啡車
A74E	冷飲攤
A4EB	月子餐供應
A5EB	伙食包作
AAC5	空廚公司
ADFB	員工餐廳
AE62	宴席承辦
B9CE	團膳供應
BEC7	學生餐廳
C05C	餐飲承包
B773	新聞出版
BCC6	數位新聞出版
B4C1	期刊出版
BCC6	數位雜誌出版
C2F8	雜誌出版
A470	小冊子出版
A661	地圖出版
A672	字典出版
A6B3	有聲書出版
A6CA	百科全書出版
A7DE	技術手冊出版
AED1	書籍出版
B0D1	參考書出版
B971	電子書出版
BCC6	數位書籍出版
A475	工商名錄出版
A5D8	目錄出版
A9FA	明信片出版
ACFC	美術複製品出版
B650	賀卡出版
B66C	郵寄名冊出版
B7D3	照片出版
B971	電話簿出版
BC73	廣告印刷品出版
A740	作業系統軟體出版
AE4D	套裝軟體出版
B943	遊戲軟體出版
BD75	線上遊戲網站經營
C0B3	應用軟體出版
B0CA	動畫影片製作
B971	電影片製作
B971	電視節目製作
B971	電視廣告製作
B971	電腦動畫影片製作
BFFD	錄影節目帶製作
B971	電視節目配音服務
B971	電腦動畫及特效後製服務
BC76	影片沖印
BC76	影片字幕服務
BC76	影片剪輯服務
BC76	影片轉錄服務
B971	電影片代理
B971	電影片發行
B971	電視節目發行
BC76	影片授權使用
BC76	影片版權買賣
BFFD	錄影節目帶發行
B971	電影院
C553	露天電影院
A4E2	手機鈴聲製作
A4E2	手機鈴聲發行
A54E	代客錄音
ADB5	音樂出版
ADB5	音樂書籍出版
B0DB	唱片出版
B970	雷射唱片出版
B971	電影錄音
BC73	廣播節目製作
BC73	廣播節目發行
BC73	廣播配音服務
BC73	廣播廣告製作
BC73	廣告配樂錄製服務
BC73	廣播節目預錄帶製作
BD75	線上音樂發行
C16E	聲音錄製服務
BC73	廣播電台經營
B971	電視台經營
B971	電視頻道供應服務
BCC6	數位電視台經營
A6B3	有線電視系統經營
BD75	線上影片播送
A6B3	有線通信服務
B54C	無線通信服務
BAF4	網際網路接取服務提供（IASP）
BDC3	衛星通信服務
B971	電腦軟體設計
BAF4	網頁設計
C0B3	應用程式設計(APP設計)
A874	系統整合
A874	系統分析
A874	系統規劃
A874	系統設計
B8EA	資訊技術顧問
B971	電腦設備管理
C2E0	轉鑰系統服務
B36E	軟體安裝服務
B971	電腦災害復原處理
A44A	入口網站經營
BAF4	網路搜尋服務
B6B3	雲端電腦機房服務
B8EA	資料登錄
B8EA	資料處理
B971	電腦備援服務
B971	電腦分時服務提供
B9CF	圖檔掃描
BAF4	網路拍賣平台經營
BAF4	網站代管
C0B3	應用系統服務提供（ASP）
B371	通訊社
B0C5	剪報服務
B37A	透過電話提供預錄資訊
A4A4	中央銀行
A57E	外國銀行
A5BB	本國銀行
B0D3	商業銀行
B14D	專業銀行
AB48	信用合作社
B941	農會信用部
BAAE	漁會信用部
B66C	郵政儲金
B66C	郵政劃撥
C078	儲匯代理
AAF7	金融控股公司
A640	共同基金
AAF7	金融資產證券化商品
ADFB	員工持股／福儲信託
B4C1	期貨信託基金
B6B0	集合管理運用帳戶
B8EA	資本租賃
BFC4	融資性租賃
B2BC	票券金融
C3D2	證券金融
AB48	信用卡發卡機構
B0CA	動產質借
B7ED	當舖
A5C1	民間融資
A854	汽車貸款
C0B3	應收帳款收買
A7EB	投資有價證券
B3D0	創業投資公司
C078	儲蓄互助社
A448	人壽保險
A67E	年金保險
B0B7	健康保險
B6CB	傷害保險
BEC7	學生團體保險
A4F5	火災保險
A673	存款保險
AB4F	保證保險
AEFC	海上保險
B05D	財產保險
B364	責任保險
B3B0	陸空保險
A641	再保險
B068	退休基金計畫
A641	再保險經紀
AB4F	保險代理
AB4F	保險經紀
AB4F	保險公證
AB4F	保險精算
ADB7	風險評估
C3D2	證券自營商
C3D2	證券承銷商
C3D2	證券經紀商
C3D2	證券交易所
C3D2	證券櫃台買賣中心
C3D2	證券集中保管結算所
B4C1	期貨經紀商
B4C1	期貨自營商
B4C1	期貨經理
B4C1	期貨交易所
A7EB	投資顧問
A9E8	抵押顧問及經紀
AAF7	金融網路認證服務
AB48	信用保證基金
AB48	信用卡收單機構
AB48	信用卡商標或服務標章授權
AB48	信用卡交易授權或清算服務
ABD8	建築經理公司
B2BC	票據交換所
B2C4	第三方支付服務
B971	電子票證發行機構
B0F2	基金管理
A467	土地開發
A475	工業廠房之投資興建及租售
A475	工業區、工商綜合區之投資開發、興建及租售
A4BD	公共建設之投資開發、興建及租售
A6ED	住宅、大樓之投資興建及租售
B773	新市鎮、新社區之投資開發、興建及租售
C26C	殯葬場所之投資開發、興建及租售
A467	土地租售
A46A	大樓租售
A475	工業廠房租售
A4A3	不動產轉租賃
A6ED	住宅租售
A4A3	不動產代銷
A4A3	不動產仲介
A5AB	市場管理
AE69	展示場管理
A4A3	不動產估價
ABDF	律師事務服務
A54E	代書事務服務
A661	地政士事務服務
A4BD	公證人事務服務
B14D	專利師事務服務
B04F	記帳士事務服務
B04F	記帳及報稅代理業務人事務服務
B05D	財務清算
B05D	財務代理
B05D	財務報表簽證
B162	帳務整理
B162	帳務稽查
B57C	稅務代理
B77C	會計諮詢
B77C	會計師事務服務
A5F8	企業總管理處
A5F8	企業分支管理機構
49	ISO認證企業顧問
A448	人事管理顧問服務
A4BD	公共關係服務
A5CD	生產管理顧問服務
A6E6	行銷管理顧問服務
B05D	財務管理顧問服務
B2D5	組織管理顧問服務
BE50	銷售管理顧問服務
ABD8	建築顧問
ABD8	建築設計
B379	造園設計
B3A3	都市、鄉鎮規劃
B4BA	景觀建築服務
A467	土木工程顧問
A46A	大地工程顧問
A475	工業安全顧問
A475	工業廠房設計
A475	工業工程顧問
A4C6	化學工程顧問
A4F4	水利工程顧問
A4F4	水土保持工程顧問
A5E6	交通工程顧問
A661	地形及地籍測量服務
A661	地質及地震測量服務
A74E	冷凍空調工程顧問
ABD8	建築物消防檢查服務
ABD8	建築物結構檢查服務
ADB5	音響工程顧問
B1C4	採礦工程顧問
B5B2	結構工程顧問
B971	電路管道設計
B971	電子工程顧問
B971	電機工程顧問
BB73	製圖服務
BEF7	機械工程顧問
BF6E	積體電路設計
C0B3	應用地質顧問
C0F4	環境工程顧問
C0F4	環境檢驗測定服務
A7F7	材料檢驗
A854	汽車檢驗
AB44	非破壞性檢測
ADB9	食品衛生檢驗
AEB6	振動檢測
B0D3	商品檢驗服務
B2A3	產品認證服務
B942	運輸工具檢驗
BEF7	機械性能檢測
C471	礦物成分及純度檢驗
A475	工程科學研究
A475	工程技術研究
A4C6	化學研究
A4D1	天文學研究
A4D3	太空科學研究
A5CD	生化科技研究
A661	地質學研究
A661	地理學研究
A7F7	材料科學研究
AAAB	物理學研究
AD70	計算機科學研究
AEF0	氣象學研究
AEFC	海洋科學研究
B0CA	動物學研究
B0F2	基礎醫學研究
B2CE	統計學研究
B4D3	植物學研究
B941	農業科學研究
B941	農業技術研究
BCC6	數學研究
C0F4	環境科學研究
C17B	臨床醫學研究
C2E5	醫事技術研究
C3C4	藥學研究
A448	人類學研究
A4DF	心理學研究
A4E5	文學研究
A6E6	行為科學研究
AA6B	法律學研究
AAC0	社會學研究
AC46	政治科學研究
ADF5	哲學研究
B1D0	教育科學研究
B867	經濟學研究
BADE	管理科學研究
BB79	語言科學研究
BEFA	歷史學研究
BAEE	綜合研究
A4BD	公車站牌廣告
A4E1	戶外廣告
A8AE	車身廣告
A9B1	店面櫥窗設計
A9DB	招牌廣告
B3F8	報紙廣告
B443	媒體廣告播放時段或空間購買與轉售
B443	媒體廣告代理
B66C	郵購廣告
BAF4	網路廣告
BC73	廣告代理
BC73	廣告樣品分送
BC73	廣告招攬服務
BC73	廣告傳單分送
C3F6	關鍵字廣告代理
A5AB	市場研究
A5AB	市場調查
A5C1	民意調查
ABC7	室內設計
A475	工業設計
B2A3	產品外觀設計
B2A3	產品機構設計
B2A3	產品人機介面設計
A55D	包裝設計
A5AD	平面設計
A5F8	企業識別標誌設計
A668	多媒體設計
AA41	服裝設計
AC79	流行時尚設計
AE61	家具設計
AF5D	珠寶設計
B0D3	商業設計
B0D3	商標設計
B5F8	視覺傳達設計
B0CA	動物診所
B0CA	動物醫院
B0CA	動物醫事檢驗
B0CA	動物診療服務
A54E	代客錄影
ACDB	相片沖洗
B0D3	商業攝影
B142	婚紗攝影
B5B2	結婚攝影
B7D3	照相館
A4E2	手語服務
A4E5	文字翻譯服務
A650	同步翻譯服務
A740	作家之經紀服務
B942	運動員之經紀服務
BA71	歌手之經紀服務
BCD2	模特兒之經紀服務
C3C0	藝人之經紀服務
C3C0	藝術家之經紀服務
49	ISO認證服務
A54E	代辦移民服務
A56A	古董鑑價服務
AA4C	林業技術指導
ADB9	食品技術指導
AEF0	氣象預報服務
AF5D	珠寶鑑價服務
AFBC	紡織技術指導
B14D	專利權經紀服務
B941	農業技術指導
BAAE	漁業技術指導
BFE7	輻射防護技術指導
C0F4	環境顧問
C3C0	藝術品鑑價服務
C471	礦業技術指導
B05F	起重吊車出租
C0E7	營造機械設備出租
A4EC	木工機械設備出租
A55D	包裝機械設備出租
AAF7	金工機械設備出租
ADB9	食品機械設備出租
AFBC	紡織機械設備出租
B0CA	動力機械設備出租
B941	農業機械設備出租
C471	礦業機械設備出租
A8C6	事務機器出租
B971	電腦出租
B971	電腦週邊設備出租
BC76	影印機出租
BFEC	辦公用家具出租
A6DB	自動販賣機出租
A74E	冷凍設備出租
AC79	流動廁所出租
B366	貨櫃出租
B366	貨板（棧板）租賃
B4FA	測量儀器設備出租
B56F	發電機出租
B971	電力設備出租
B971	電信設備出租
BB52	舞台音響設備出租
BB52	舞台燈光設備出租
BC76	影視器材出租
C2E5	醫療機械設備出租
A854	汽車出租
B366	貨車出租
ADB8	飛機出租
B0AA	高爾夫球車出租
B2EE	船舶出租
BEF7	機車出租
A4E2	手划船出租
A67C	帆船出租
A6DB	自行車出租
A846	沙灘車出租
AEFC	海灘椅出租
AF42	浮潛用具出租
B0B7	健身器材出租
B56E	登山用品出租
C553	露營用品出租
C5E9	體育器材出租
BAD0	碟片出租
BC76	影片出租
BC76	影音光碟出租
BFFD	錄影節目帶出租
A470	小說出租
AAED	表演用品出租
ACD6	盆栽出租
AE61	家具出租
AE61	家庭用品出租
AE62	宴會用品出租
AEE0	桌椅出租
AF5D	珠寶飾品出租
BAA9	漫畫出租
BCD6	樂器出租
C2A7	禮服及服裝出租
C2F8	雜誌出租
B0D3	商標出租
B14D	專營權出租
B14D	專利權出租
B1C4	採礦權出租
A448	人力仲介
A448	人力銀行
A57E	外籍勞工仲介
ACDD	看護仲介
BA74	演員選角代理機構
C2BE	職業介紹
A448	人力派遣
A448	人力資源管理服務
A54E	代訂運動票務
A54E	代訂住宿服務
A54E	代訂藝文展演票務
A54E	代售代購交通客票
A677	安排旅遊行程
ADB5	音樂、戲劇表演票務銷售
AEC8	旅遊諮詢服務
B942	運動賽事票務銷售
BBE2	領隊服務
BEC9	導遊服務
A448	人身保全服務
A874	系統保全服務
B942	運送保全服務
BE6E	駐衛保全服務
A870	私家偵探服務
ABD8	建築物複合支援服務
A46A	大樓清洗服務
A475	工業設備清潔服務
A4F4	水塔清洗服務
A5D5	白蟻防治服務
A661	地板打蠟服務
A97E	居家清潔服務
AA6F	油罐車及油輪之油槽內部清潔服務
AF66	病媒防治服務
B27E	瓶子清洗服務
B2EE	船舶清艙服務
B942	運輸工具（汽車除外）清潔服務
B944	道路清潔服務
B971	電話清潔服務
B9AB	鼠類防治服務
BFEC	辦公室清潔服務
C0F4	環境殺菌消毒服務
C0F4	環境害蟲防治服務
C1E7	鍋爐清潔服務
ABD8	建築物綠化服務
AE78	庭園維護服務
AFF3	草坪種植與維護
BEF0	樹木修剪與維護
A54E	代催收逾期應收帳款服務
AB48	信用評等服務
AB48	信用調查服務
A475	工商展覽籌辦
B77C	會議籌辦
BC76	影印服務
C5CE	曬圖服務
A4E5	文件打字服務
A54E	代客撰稿服務
A54E	代抄電表服務
A55D	包裝承攬服務
A661	地址條碼服務
AB48	信用卡推展服務
B1F8	條碼壓印服務
B374	速記服務
B66C	郵件分類服務
B77C	會議即時字幕服務
B971	電話秘書
B971	電話客服中心
BF57	獨立拍賣業者
A4A4	中央政府機關
A5AB	市政府機關
AABD	直轄市政府機關
B0CF	區公所
B66D	鄉公所
B871	義勇消防團體
B871	義勇警察團體
BFA4	縣轄市公所
BFA4	縣政府機關
C2ED	鎮公所
A4A4	中央民意機關
A5AB	市民意機關
AABD	直轄市民意機關
B66D	鄉民意機關
BFA4	縣民意機關
BFA4	縣轄市民意機關
C2ED	鎮民意機關
AD78	軍事機關
AD78	軍事訓練機構
B3A1	部隊
A4BD	公教人員保險
A4BD	公教人員退撫基金
A5A2	失業保險
A5FE	全民健康保險
AD78	軍人保險
B0EA	國民年金保險
B3D2	勞退基金
B3D2	勞工保險
B941	農民健康保險
AC46	政府間國際組織
BE6E	駐華使領館
BE6E	駐華外國代表機構
A5AE	幼兒教育
BEC7	學前教育
B0EA	國民小學
A7B9	完全中學
B0AA	高級中學
B0EA	國民中學
BAEE	綜合高中
C2BE	職業學校
A46A	大學
B14D	專科學校
BF57	獨立學院
AF53	特殊教育學校
B1D2	啟智學校
B1D2	啟明學校
B1D2	啟聰學校
A4E2	手語指導
A57E	外語補習教育
A4E2	手工藝教學
ACFC	美術教學
ADB5	音樂教學
BB52	舞蹈教學
C0B8	戲劇教學
C4E1	攝影教學
AA5A	武術指導
AC58	柔道指導
AEF0	氣功教學
AFC8	紙牌遊戲（如橋牌）指導
B0A8	馬術指導
B0D5	啦啦隊指導
B3F2	圍棋指導
B4E5	游泳指導
B660	跆拳道指導
B7EC	瑜珈指導
BCE7	潛水指導
C5E9	體操指導
AFB5	秘書教育指導
B14D	專業管理訓練課程指導
B374	速記技巧指導
B971	電腦資訊教育指導
BFEC	辦公室作業流程指導
A4BD	公職考試補習教學
A4C9	升大學補習教學
A4C9	升高中補習教學
A4C9	升四技二專補習教學
ACE3	研究所補習教學
B0AA	高中課業補習教學
B0EA	國小安親課輔
B0EA	國中課業補習教學
B0EA	國小課業補習教學
B14D	專業執照及證照考試補習教學
A740	作文教學
A844	求生技能指導
A854	汽車駕駛訓練
AAC0	社區大學
ACFC	美姿美儀指導
ADB8	飛行訓練
AE61	家事教育訓練
AF5D	珠心算教學
B1CF	救生技能指導
B374	速讀指導
B971	電腦維修訓練
BA74	演講教育訓練
C2BE	職業訓練機構
C55D	魔術教學
A54E	代辦遊學服務
A54E	代辦留學服務
B1D0	教育諮詢
B1D0	教育檢定機構
B1D0	教育檢定或評估
BDD2	課程開發（設計）服務
BEC7	學生交換計畫組織
A4A4	中醫醫院
A8E0	兒童醫院
AD78	軍醫院
B14D	專科醫院
BA43	慢性醫院
BAEB	精神科醫院
BAEE	綜合醫院
A440	一般診所
A4A4	中醫診所
A4FA	牙醫診所
A6E8	西醫診所
A9CA	性病防治所
AB4F	保健站
ACFC	美容整型診所
B0B7	健康中心
B14D	專科診所
B645	診療所
BA43	慢性病防治所
BDC3	衛生所
BDC3	衛生室
C170	聯合診所
C2E5	醫務室
44	DNA驗證中心
AF66	病理中心
B0B7	健檢中心
C2E5	醫事放射所
C2E5	醫事檢驗所
A4DF	心理諮商（治療）所
A5C1	民俗調理服務
A755	助產所
A97E	居家護理機構
AAAB	物理治療所
AAC0	社區心理衛生中心
AEBD	捐血站
AEBD	捐血中心
B0A9	骨髓幹細胞中心
B0EA	國術推拿服務
B0EA	國術損傷接骨服務
B1CF	救護車運送服務
B2A3	產後護理機構
C0E7	營養諮詢機構
C2BE	職能治療所
C2C0	臍帶血銀行
C540	護理之家
C65E	鑲牙所
A6D1	老人長期照顧機構
B4D3	植物人安養院
B752	愛滋中途之家
A6ED	住宿型精神復健機構
A4AF	仁愛之家
A677	安老院
A6D1	老人之家
A6D1	老人中途之家
A6D1	老人安養機構
A4D6	少年中途之家
A4D6	少女中途之家
A5BC	未婚媽媽之家
A7D9	戒毒中途之家
A7F3	更生人中途之家
A87C	育幼院
A8E0	兒童之家
A8E0	兒童及少年安置與教養機構
B0FC	婦女中途之家
B943	遊民收容所
A6AB	托嬰機構
A6AD	早期療育機構
A8E0	兒童及少年福利服務中心
A8E0	兒童及少年收出養服務機構
A8E0	兒童及少年心理輔導諮詢機構
A6D1	老人文康機構
A4E9	日間型精神復健機構
A8AD	身心障礙者諮詢機構
A8AD	身心障礙者福利服務機構
A8AD	身心障礙者技藝訓練及就業服務機構
B0FC	婦女福利服務機構
A7F3	更生保護機構
AAC0	社區調解中心
AAC0	社區活動中心
AE61	家扶中心
A470	小說創作
A4E5	文學創作
A4E5	文學評論
ADB5	音樂詞曲創作
B4B2	散文創作
B8D6	詩歌創作
BAA9	漫畫創作
BF57	獨立作業記者
C04A	雕刻、雕塑創作
C0B8	戲劇創作
C3B8	繪畫創作
C3C0	藝術作品修復服務
A4EC	木偶戲演出
A4F4	水上節目演出
A5AC	布袋戲演出
A5C1	民俗藝術表演
A5D6	皮影戲演出
A5E6	交響樂團
A642	冰上節目演出
A661	地方戲演出
ADB5	音樂演奏
AEBA	捏麵人
B0A8	馬戲團
B0EA	國劇演出
B8DC	話劇演出
B971	電子琴花車
BA71	歌詠團
BA71	歌劇演出
BA71	歌唱表演
BA71	歌舞劇演出
BA71	歌仔戲演出
BB52	舞蹈演出
BBA1	說故事
BBA1	說書
BBA1	說大鼓
BC40	劇團
BCD6	樂團
BFF4	醒獅團
C2F8	雜技表演
C55D	魔術表演
C672	鑼鼓陣演出
AC79	流行音樂中心經營
ADB5	音樂廳經營
ADB5	音樂展演空間經營
BC40	劇場經營
BC40	劇院經營
AAED	表演造型設計
AAED	表演動物訓練服務
ADB5	音效設計
B860	節目安排
BB52	舞台設計及搭建
BF4F	燈光及服裝指導
C3C0	藝術展覽活動籌辦
C3C0	藝術表演監製
C3C0	藝術表演活動籌辦
A6B3	有聲圖書館
B9CF	圖書館
C0C9	檔案保存服務
A4F4	水族展示館
A661	地質公園
AEFC	海洋生態館
B0CA	動物園
B0EA	國家公園
B4D3	植物園
A475	工業陳列館
A4D1	天文台
A4E5	文學館
A4E5	文化館
A4E5	文化中心
A4E5	文物陳列館
A576	史蹟陳列館
AAC0	社會教育館
ACEC	科學館
ACF6	紀念館
ACFC	美術館
AE69	展示藝廊
B3D5	博物館
C3C0	藝文展覽中心
C3C0	藝術館
C4FA	蠟像館
A4BD	公益彩券銷售
A8ED	刮刮樂彩券銷售
B3D5	博弈場
B942	運動彩券銷售
BCD6	樂透彩券銷售
C2BE	職業運動員
C2BE	職業運動聯盟
C2BE	職業運動團隊
A5D0	田徑場
A658	合氣道館
A6D0	羽球場
A8AC	足球場
AAC5	空手道館
AB4F	保齡球館
AC58	柔道館
AE67	射擊場
AEB1	拳擊館
AEE0	桌球館
B0A8	馬術場
B0AA	高爾夫球場及練習場
B0B7	健身中心
B0B7	健康俱樂部（含健身房、SPA、水療按摩）
B1C6	排球場
B4CE	棒球場
B4E5	游泳池
B660	跆拳道館
B7C6	滑草場
B7C8	溜冰場
B942	運動館
B942	運動場
BAA3	漆彈場
BAF4	網球場
BCB2	撞球室
C1C9	賽車場
C253	壘球場
C36B	攀岩場
C478	籃球場
B56E	登山嚮導服務
B942	運動活動籌辦
B942	運動防護服務
B942	運動裁判服務
C476	競賽動物訓練服務
A544	主題樂園
B943	遊樂園
A564	卡拉OK店
ADB5	音樂影片視聽（MTV）店
B5F8	視聽中心
B5F8	視唱中心（KTV）
A95D	夜總會
AF53	特種咖啡茶室
B073	酒吧
B073	酒家
BA71	歌廳
BB52	舞廳
BB52	舞場
A470	小鋼珠（柏青哥）店
A7A8	夾娃娃機店
A7EB	投幣式兒童騎乘機械玩具店
B971	電動玩具店
B971	電動投籃電玩店
A457	上網專門店
AA78	泛舟等水域遊憩活動
AEFC	海水浴場
B3A8	釣蝦場
B3A8	釣魚場
BAA9	漫畫、雜誌閱覽營業場所
BCAF	摩天樓展望台
A440	一貫道佛堂
A4D1	天主教堂
A6F2	佛教寺院
ADD7	修道院
B0F2	基督教堂
B24D	清真寺
B944	道場
B944	道教宮廟
BC71	廟宇
A475	工業會
A475	工業總會
A475	工業同業公會
A475	工業同業公會聯合會
B0D3	商業會
B0D3	商業總會
B0D3	商業同業公會
B0D3	商業同業公會聯合會
BFE9	輸出業同業公會
BFE9	輸出業同業公會聯合會
C471	礦業同業公會
A467	土木技師公會
A475	工礦安全衛生技師公會
A4A3	不動產估價師公會
A4A4	中醫師公會
A4F4	水利技師公會
A4F4	水土保持技師公會
A4FA	牙醫師公會
A661	地政士公會
A74E	冷凍空調技師公會
A755	助產師助產士公會
A7DE	技師公會
AAAB	物理治療師公會
AAC0	社會工作師公會
ABD8	建築師公會
ABDF	律師公會
B1D0	教育會
B2EE	船長公會
B3A3	都市計劃技師公會
B5B2	結構工程技師公會
B773	新聞記者公會
B77C	會計師公會
B971	電機技師公會
C0B3	應用地質技師公會
C0E7	營養師公會
C0F4	環境工程技師公會
C17B	臨床心理師公會
C2BE	職能治療師公會
C2E5	醫師公會
C2E5	醫事放射師公會
C2E5	醫事檢驗師公會
C37E	獸醫師公會
C3C4	藥師公會
C540	護理師護士公會
A475	工會聯合組織
A5F8	企業工會
B2A3	產業工會
C160	總工會
C2BE	職業工會
B941	農會
BAAE	漁會
A5FE	全國性政治團體
AC46	政黨
A46A	大廈管理委員會
A553	兄弟會
A5C1	民意代表服務處
A5C1	民意代表選舉服務處
A650	同鄉會
A650	同學校友會
A6B1	曲社
A6D1	老人會
A7DF	扶輪社
A8BE	防癌協會
A976	宗親會
AAC0	社區發展協會
AB4F	保護動物協會
B0EA	國際交流基金會
B1D0	教育文化基金會
B4D1	棋社
B7E0	獅子會
B8D6	詩社
BEC7	學術文化團體
BEF4	橋社
C0F4	環境保護團體
C2E5	醫療衛生團體
C5AA	讀書會
C65B	觀光協會
A854	汽車維修
A854	汽車保養
A854	汽車烤漆板金
A854	汽車輪胎底盤定位
A7EB	投幣式洗車
A854	汽車隔熱紙裝貼
A854	汽車裝潢
A854	汽車打蠟
A854	汽車清洗
A854	汽車美容
A64C	印表機修理
A6DB	自動櫃員機（ATM）修理
A6F8	伺服器修理
ADD3	個人數位助理器（PDA）修理
B1BD	掃描器修理
B971	電腦修理
B971	電腦週邊設備修理
BE50	銷售點系統（POS）終端機修理
BFC3	螢幕修理
A4E2	手機修理
B371	通訊傳播設備修理
B6C7	傳真機修理
B971	電話修理
A6AC	收音機修理
A74E	冷氣機修理
AC7E	洗衣機修理
ADB5	音響修理
AE61	家電修理
AE61	家庭攝影機修理
AF4D	烘乾機修理
B0A3	除濕機修理
B5F8	視聽電子產品修理
B778	暖爐修理
B7D3	照相機修理
B971	電視機修理
B971	電冰箱修理
BCF6	熱水器維修
BFFD	錄放影機修理
B971	電動機車維修
BEF7	機車修理
BEF7	機車保養
A5B4	打字機修理
A5D6	皮革品修理
A6DB	自行車修理
A6E7	衣服修改
AAB1	玩具修理
ABC7	室內陳設品修理
ADBA	首飾修理
ADD7	修鞋
AE61	家具修理
B074	配鎖
B942	運動用品修理
BCD6	樂器修理
BF69	磨刀剪
C2B4	織補店
C4C1	鐘錶修理
A4F2	毛巾消毒洗濯
A5D6	皮衣洗濯
A661	地毯洗濯
A6DB	自助洗衣店
AC7E	洗衣店
AC7E	洗衣廠
B0AE	乾洗店
B54C	無塵衣洗濯
ACFC	美髮院
B27A	理髮店
BE76	髮廊
ABFC	指甲彩繪
ACFC	美容院
ACFC	美容沙龍
ACFC	美容護膚坊
ACFC	美容美體SPA館
ACFC	美體雕塑（未涉及醫療程序）
BD47	瘦身美容機構
A4BD	公墓經營
A4F5	火化場經營
B0A9	骨灰（骸）存放設施經營
C26C	殯儀館經營
C26C	殯葬設施經營
C26C	殯葬禮儀服務
C364	寵物殯葬服務
A8FC	受僱於家庭之人員
A2D9	Ｋ書中心
A454	三溫暖浴室
A4E2	手機包膜服務
A54E	代客購買服務（不動產除外）
A565	占星
A672	字畫裱背
A7EB	投幣式置物箱服務
A7EB	投幣式體重機服務
A7EB	投幣式按摩椅服務
A7EB	投幣式照相亭服務
A8AD	身體經絡推拿
A8E8	刻印章
A8ED	刮痧推拿
AA79	泊車服務
ABF6	按摩服務
AC79	流浪動物收容中心
ACEF	穿耳洞服務
ACFC	美姿禮儀造型設計
AFBE	紋身、紋眉服務
B142	婚姻介紹
B142	婚禮會場佈置
B142	婚禮規劃籌辦服務
B3F4	堪輿
B773	新娘化粧造型（新娘秘書）
B7C5	溫泉湯屋
B87D	腳底按摩
BAE2	算命卜卦
C0BF	擦皮鞋
C364	寵物美容
C364	寵物寄養
C364	寵物（含導盲犬）訓練
